"DOCENTRY_PED"	"DOCNUM_PED"	"LINENUM_PED"	"DOC_PED"	"DOCDUE_PED"	"TAX_PED"	"DOCSTATUS_PED"	"CREATEDATE_PED"	"CANCELED_PED"	"CARDCODE_PED"	"CARDNAME_PED"	"COMMENTS_PED"	"ITEMCODE_PED"	"ITEMNAME_PED"	"ITEMCODE_AGROUPED_PED"	"ITEMNAME_AGROUPED_PED"	"ITEMCODE_GROUP_PED"	"ITEMNAME_GROUP_PED"	"BRAND_PED"	"LINE_PED"	"RANGE_PED"	"REGULATORY_STATUS_PED"	"THERAPEUTIC_AREA_PED"	"TYPE_PED"	"SUBTYPE_PED"	"QUANTITY_PED"	"OPENQTY_PED"	"PRICE_PED"	"LINETOTAL_PED"	"ACCTCODE_PED"	"ACCTNAME_PED"	"OCRCODE_PED"	"OCRNAME_PED"	"CANTIDAD_FACTURAS"	"DOCENTRY_FACT"	"DOCNUM_FACT"	"FECHAEMISION_FACT"	"FACTURAS_ASOCIADAS"	"LINETOTAL_FACT"	"CANTIDAD_PAGOS"	"TOTAL_PAGADO"	"TOTAL_TRANSFERIDO"	"FECHA_ULTIMO_PAGO"	"PAGOS_ASOCIADOS"	"PICKUPDATE_PICK"	"CLIENT_CODE_CLI"	"CLIENT_NAME_CLI"	"VAT_TAX_ID_CLI"	"CLIENT_SUBTYPE_CLI"	"CLIENT_SUBTYPE2_CLI"	"STATUS_CLI"	"CURRENCY_CLI"	"GROUPED_CLIENT_CODE_CLI"	"GROUPED_CLIENT_NAME_CLI"	"DATE_CLIENT_CLI"	"CLIENT_ASSIGNED_SALES_FORCE_CLI"	"NETWORK_TERRITORY_CLI"	"FINANCIAL_RISK_CLI"	"ELECTRONIC_BILLING_CLI"	"PAYMENT_CONDITIONS_CLI"	"ADDRESS_CLI"	"ADDRESS_TYPE_CLI"	"DATE_ADDRESS_CLI"	"CONTINENT_CLI"	"COUNTRY_CLI"	"STATE_CLI"	"CITY_CLI"	"PHONE_CLI"	"EMAIL_CLI"	"VALIDATE_STATUS_CLI"	"ACCOUNT_NUM_CLI"	"ACCOUNT_NAME_CLI"	"VATGROUP_CLI"	"FECHADEF"	"TIENE_FACTURA"	"FACTURADO"	"IMPORTE_FALTANTE_FACTURA"	"TOTAL_PEDIDOS"
36963	21675	0	03/08/26	21/08/26	03/08/26	"O"	03/08/26	"N"	"20790"	"DISTRIBUIDORA LIVERPOOL"	"OC: 33770250Monto: $163,718.27Vigencia: 21-ago-26"	"24296MX"	"ENDOCARE TENSAGE CREMA 30ML"	"24296MX"	"ENDOCARE TENSAGE CREMA 30ML"	120	"COMERCIAL"	""	""	""	""	""	""	""	12	0	682,04	8184,48	"4000100"	"VENTAS AL 16%"	""	""	0			""	""	0	0				""	05/08/26	"20790"	"DISTRIBUIDORA LIVERPOOL"	"DLI931201MI9"	"OTHER RETAILERS"	"MASS MARKET"	"NO BLOQUEADO"	"MXP"	"NA"	"LIVERPOOL"	23/11/17	"LIVERPOOL"	"LATAM"	"34500000"	"Y"	"90 DIAS"	"PROLONGACION VASCO DE QUIROGA"	"Fiscal"	23/11/17	"NORTH AMERICA"	"MEXICO"	"CIUDAD DE MÉXICO"	"CIUDAD DE MEXICO"	""	""	"VALIDADO"	"1050100"	"CLIENTES NACIONALES"	""	20/08/26	"NO"	"Pendiente de facturar"	8184,48	586195,14
36963	21675	1	03/08/26	21/08/26	03/08/26	"O"	03/08/26	"N"	"20790"	"DISTRIBUIDORA LIVERPOOL"	"OC: 33770250Monto: $163,718.27Vigencia: 21-ago-26"	"24312MX"	"ENDOCARE TENSAGE CONTORNO DE OJOS 15ML"	"24312MX"	"ENDOCARE TENSAGE CONTORNO DE OJOS 15ML"	120	"COMERCIAL"	""	""	""	""	""	""	""	5	0	653,52	3267,6	"4000100"	"VENTAS AL 16%"	""	""	0			""	""	0	0				""	05/08/26	"20790"	"DISTRIBUIDORA LIVERPOOL"	"DLI931201MI9"	"OTHER RETAILERS"	"MASS MARKET"	"NO BLOQUEADO"	"MXP"	"NA"	"LIVERPOOL"	23/11/17	"LIVERPOOL"	"LATAM"	"34500000"	"Y"	"90 DIAS"	"PROLONGACION VASCO DE QUIROGA"	"Fiscal"	23/11/17	"NORTH AMERICA"	"MEXICO"	"CIUDAD DE MÉXICO"	"CIUDAD DE MEXICO"	""	""	"VALIDADO"	"1050100"	"CLIENTES NACIONALES"	""	20/08/26	"NO"	"Pendiente de facturar"	3267,6	586195,14
36963	21675	2	03/08/26	21/08/26	03/08/26	"O"	03/08/26	"N"	"20790"	"DISTRIBUIDORA LIVERPOOL"	"OC: 33770250Monto: $163,718.27Vigencia: 21-ago-26"	"23627-110PC"	"IRALTONE FORTE 60 CAPSULAS"	"9729M3"	"IRALTONE FORTE BLISTER 15 CAPS."	100	"IMPORTADO"	""	""	""	""	""	""	""	8	0	604,25	4834	"4000100"	"VENTAS AL 16%"	""	""	0			""	""	0	0				""	05/08/26	"20790"	"DISTRIBUIDORA LIVERPOOL"	"DLI931201MI9"	"OTHER RETAILERS"	"MASS MARKET"	"NO BLOQUEADO"	"MXP"	"NA"	"LIVERPOOL"	23/11/17	"LIVERPOOL"	"LATAM"	"34500000"	"Y"	"90 DIAS"	"PROLONGACION VASCO DE QUIROGA"	"Fiscal"	23/11/17	"NORTH AMERICA"	"MEXICO"	"CIUDAD DE MÉXICO"	"CIUDAD DE MEXICO"	""	""	"VALIDADO"	"1050100"	"CLIENTES NACIONALES"	""	20/08/26	"NO"	"Pendiente de facturar"	4834	586195,14
36963	21675	3	03/08/26	21/08/26	03/08/26	"O"	03/08/26	"N"	"20790"	"DISTRIBUIDORA LIVERPOOL"	"OC: 33770250Monto: $163,718.27Vigencia: 21-ago-26"	"11685MX-01"	"HELIOCARE 360° GEL OIL-FREE 50ML"	"11685"	"HELIOCARE 360° GEL OIL-FREE 50ML"	100	"IMPORTADO"	""	""	""	""	""	""	""	29	0	394,19	11431,51	"4000100"	"VENTAS AL 16%"	""	""	0			""	""	0	0				""	05/08/26	"20790"	"DISTRIBUIDORA LIVERPOOL"	"DLI931201MI9"	"OTHER RETAILERS"	"MASS MARKET"	"NO BLOQUEADO"	"MXP"	"NA"	"LIVERPOOL"	23/11/17	"LIVERPOOL"	"LATAM"	"34500000"	"Y"	"90 DIAS"	"PROLONGACION VASCO DE QUIROGA"	"Fiscal"	23/11/17	"NORTH AMERICA"	"MEXICO"	"CIUDAD DE MÉXICO"	"CIUDAD DE MEXICO"	""	""	"VALIDADO"	"1050100"	"CLIENTES NACIONALES"	""	20/08/26	"NO"	"Pendiente de facturar"	11431,51	586195,14
36963	21675	4	03/08/26	21/08/26	03/08/26	"O"	03/08/26	"N"	"20790"	"DISTRIBUIDORA LIVERPOOL"	"OC: 33770250Monto: $163,718.27Vigencia: 21-ago-26"	"27715PC"	"HELIOCARE 360° ADVANCED GEL SPF50+"	"27715"	"HELIOCARE 360° ADVANCED GEL SPF50+"	100	"IMPORTADO"	""	""	""	""	""	""	""	2	2	414,93	829,86	"4000100"	"VENTAS AL 16%"	""	""	0			""	""	0	0				""	05/08/26	"20790"	"DISTRIBUIDORA LIVERPOOL"	"DLI931201MI9"	"OTHER RETAILERS"	"MASS MARKET"	"NO BLOQUEADO"	"MXP"	"NA"	"LIVERPOOL"	23/11/17	"LIVERPOOL"	"LATAM"	"34500000"	"Y"	"90 DIAS"	"PROLONGACION VASCO DE QUIROGA"	"Fiscal"	23/11/17	"NORTH AMERICA"	"MEXICO"	"CIUDAD DE MÉXICO"	"CIUDAD DE MEXICO"	""	""	"VALIDADO"	"1050100"	"CLIENTES NACIONALES"	""	20/08/26	"NO"	"Pendiente de facturar"	829,86	586195,14
36963	21675	5	03/08/26	21/08/26	03/08/26	"O"	03/08/26	"N"	"20790"	"DISTRIBUIDORA LIVERPOOL"	"OC: 33770250Monto: $163,718.27Vigencia: 21-ago-26"	"23622.30MX"	"HELIOCARE 360° ORAL 30 CÁPS."	"12403MX"	"HELIOCARE 360° ORAL 30 CÁPS."	124	"SUP. ALIM."	""	""	""	""	""	""	""	3	0	459,02	1377,06	"4000100"	"VENTAS AL 16%"	""	""	0			""	""	0	0				""	05/08/26	"20790"	"DISTRIBUIDORA LIVERPOOL"	"DLI931201MI9"	"OTHER RETAILERS"	"MASS MARKET"	"NO BLOQUEADO"	"MXP"	"NA"	"LIVERPOOL"	23/11/17	"LIVERPOOL"	"LATAM"	"34500000"	"Y"	"90 DIAS"	"PROLONGACION VASCO DE QUIROGA"	"Fiscal"	23/11/17	"NORTH AMERICA"	"MEXICO"	"CIUDAD DE MÉXICO"	"CIUDAD DE MEXICO"	""	""	"VALIDADO"	"1050100"	"CLIENTES NACIONALES"	""	20/08/26	"NO"	"Pendiente de facturar"	1377,06	586195,14
36963	21675	6	03/08/26	21/08/26	03/08/26	"O"	03/08/26	"N"	"20790"	"DISTRIBUIDORA LIVERPOOL"	"OC: 33770250Monto: $163,718.27Vigencia: 21-ago-26"	"14557MX-01"	"HELIOCARE 360° COLOR GEL OIL-FREE BEIGE 50ML"	"14557"	"HELIOCARE 360° COLOR GEL OIL-FREE BEIGE 50ML"	100	"IMPORTADO"	""	""	""	""	""	""	""	57	0	394,19	22468,83	"4000100"	"VENTAS AL 16%"	""	""	0			""	""	0	0				""	05/08/26	"20790"	"DISTRIBUIDORA LIVERPOOL"	"DLI931201MI9"	"OTHER RETAILERS"	"MASS MARKET"	"NO BLOQUEADO"	"MXP"	"NA"	"LIVERPOOL"	23/11/17	"LIVERPOOL"	"LATAM"	"34500000"	"Y"	"90 DIAS"	"PROLONGACION VASCO DE QUIROGA"	"Fiscal"	23/11/17	"NORTH AMERICA"	"MEXICO"	"CIUDAD DE MÉXICO"	"CIUDAD DE MEXICO"	""	""	"VALIDADO"	"1050100"	"CLIENTES NACIONALES"	""	20/08/26	"NO"	"Pendiente de facturar"	22468,83	586195,14
36963	21675	7	03/08/26	21/08/26	03/08/26	"O"	03/08/26	"N"	"20790"	"DISTRIBUIDORA LIVERPOOL"	"OC: 33770250Monto: $163,718.27Vigencia: 21-ago-26"	"14556-01PC"	"HELIOCARE 360° COLOR GEL OIL-FREE BRONZE 50ML"	"14556-01PC"	"HELIOCARE 360° COLOR GEL OIL-FREE BRONZE 50ML"	120	"COMERCIAL"	""	""	""	""	""	""	""	5	0	394,19	1970,95	"4000100"	"VENTAS AL 16%"	""	""	0			""	""	0	0				""	05/08/26	"20790"	"DISTRIBUIDORA LIVERPOOL"	"DLI931201MI9"	"OTHER RETAILERS"	"MASS MARKET"	"NO BLOQUEADO"	"MXP"	"NA"	"LIVERPOOL"	23/11/17	"LIVERPOOL"	"LATAM"	"34500000"	"Y"	"90 DIAS"	"PROLONGACION VASCO DE QUIROGA"	"Fiscal"	23/11/17	"NORTH AMERICA"	"MEXICO"	"CIUDAD DE MÉXICO"	"CIUDAD DE MEXICO"	""	""	"VALIDADO"	"1050100"	"CLIENTES NACIONALES"	""	20/08/26	"NO"	"Pendiente de facturar"	1970,95	586195,14
36963	21675	8	03/08/26	21/08/26	03/08/26	"O"	03/08/26	"N"	"20790"	"DISTRIBUIDORA LIVERPOOL"	"OC: 33770250Monto: $163,718.27Vigencia: 21-ago-26"	"16979MX"	"BIRETIX BARRA 80 G."	"16979"	"BIRETIX BARRA 80 G."	100	"IMPORTADO"	""	""	""	""	""	""	""	27	0	101,26	2734,02	"4000100"	"VENTAS AL 16%"	""	""	0			""	""	0	0				""	05/08/26	"20790"	"DISTRIBUIDORA LIVERPOOL"	"DLI931201MI9"	"OTHER RETAILERS"	"MASS MARKET"	"NO BLOQUEADO"	"MXP"	"NA"	"LIVERPOOL"	23/11/17	"LIVERPOOL"	"LATAM"	"34500000"	"Y"	"90 DIAS"	"PROLONGACION VASCO DE QUIROGA"	"Fiscal"	23/11/17	"NORTH AMERICA"	"MEXICO"	"CIUDAD DE MÉXICO"	"CIUDAD DE MEXICO"	""	""	"VALIDADO"	"1050100"	"CLIENTES NACIONALES"	""	20/08/26	"NO"	"Pendiente de facturar"	2734,02	586195,14
36963	21675	9	03/08/26	21/08/26	03/08/26	"O"	03/08/26	"N"	"20790"	"DISTRIBUIDORA LIVERPOOL"	"OC: 33770250Monto: $163,718.27Vigencia: 21-ago-26"	"17260.400PC"	"ENDOCARE HYDRACTIVE AGUA MICELAR 400ML"	"17260.400"	"ENDOCARE HYDRACTIVE AGUA MICELAR 400ML"	100	"IMPORTADO"	""	""	""	""	""	""	""	1	0	329,35	329,35	"4000100"	"VENTAS AL 16%"	""	""	0			""	""	0	0				""	05/08/26	"20790"	"DISTRIBUIDORA LIVERPOOL"	"DLI931201MI9"	"OTHER RETAILERS"	"MASS MARKET"	"NO BLOQUEADO"	"MXP"	"NA"	"LIVERPOOL"	23/11/17	"LIVERPOOL"	"LATAM"	"34500000"	"Y"	"90 DIAS"	"PROLONGACION VASCO DE QUIROGA"	"Fiscal"	23/11/17	"NORTH AMERICA"	"MEXICO"	"CIUDAD DE MÉXICO"	"CIUDAD DE MEXICO"	""	""	"VALIDADO"	"1050100"	"CLIENTES NACIONALES"	""	20/08/26	"NO"	"Pendiente de facturar"	329,35	586195,14
36963	21675	10	03/08/26	21/08/26	03/08/26	"O"	03/08/26	"N"	"20790"	"DISTRIBUIDORA LIVERPOOL"	"OC: 33770250Monto: $163,718.27Vigencia: 21-ago-26"	"17270PC"	"BIRETIX TRIACTIVE SPRAY 100ML"	"17270"	"BIRETIX TRIACTIVE SPRAY 100ML"	100	"IMPORTADO"	""	""	""	""	""	""	""	2	0	513,47	1026,94	"4000100"	"VENTAS AL 16%"	""	""	0			""	""	0	0				""	05/08/26	"20790"	"DISTRIBUIDORA LIVERPOOL"	"DLI931201MI9"	"OTHER RETAILERS"	"MASS MARKET"	"NO BLOQUEADO"	"MXP"	"NA"	"LIVERPOOL"	23/11/17	"LIVERPOOL"	"LATAM"	"34500000"	"Y"	"90 DIAS"	"PROLONGACION VASCO DE QUIROGA"	"Fiscal"	23/11/17	"NORTH AMERICA"	"MEXICO"	"CIUDAD DE MÉXICO"	"CIUDAD DE MEXICO"	""	""	"VALIDADO"	"1050100"	"CLIENTES NACIONALES"	""	20/08/26	"NO"	"Pendiente de facturar"	1026,94	586195,14
36963	21675	11	03/08/26	21/08/26	03/08/26	"O"	03/08/26	"N"	"20790"	"DISTRIBUIDORA LIVERPOOL"	"OC: 33770250Monto: $163,718.27Vigencia: 21-ago-26"	"15930-03PC"	"HELIOCARE 360° WATER GEL 50ML"	"15930"	"HELIOCARE 360° WATER GEL 50ML"	100	"IMPORTADO"	""	""	""	""	""	""	""	42	0	394,19	16555,98	"4000100"	"VENTAS AL 16%"	""	""	0			""	""	0	0				""	05/08/26	"20790"	"DISTRIBUIDORA LIVERPOOL"	"DLI931201MI9"	"OTHER RETAILERS"	"MASS MARKET"	"NO BLOQUEADO"	"MXP"	"NA"	"LIVERPOOL"	23/11/17	"LIVERPOOL"	"LATAM"	"34500000"	"Y"	"90 DIAS"	"PROLONGACION VASCO DE QUIROGA"	"Fiscal"	23/11/17	"NORTH AMERICA"	"MEXICO"	"CIUDAD DE MÉXICO"	"CIUDAD DE MEXICO"	""	""	"VALIDADO"	"1050100"	"CLIENTES NACIONALES"	""	20/08/26	"NO"	"Pendiente de facturar"	16555,98	586195,14
36963	21675	12	03/08/26	21/08/26	03/08/26	"O"	03/08/26	"N"	"20790"	"DISTRIBUIDORA LIVERPOOL"	"OC: 33770250Monto: $163,718.27Vigencia: 21-ago-26"	"18171MX-03"	"HELIOCARE 360° PIGMENT SOLUTION FLUID 50ML"	"18171"	"HELIOCARE 360° PIGMENT SOLUTION FLUID 50ML"	100	"IMPORTADO"	""	""	""	""	""	""	""	80	0	417,53	33402,4	"4000100"	"VENTAS AL 16%"	""	""	0			""	""	0	0				""	05/08/26	"20790"	"DISTRIBUIDORA LIVERPOOL"	"DLI931201MI9"	"OTHER RETAILERS"	"MASS MARKET"	"NO BLOQUEADO"	"MXP"	"NA"	"LIVERPOOL"	23/11/17	"LIVERPOOL"	"LATAM"	"34500000"	"Y"	"90 DIAS"	"PROLONGACION VASCO DE QUIROGA"	"Fiscal"	23/11/17	"NORTH AMERICA"	"MEXICO"	"CIUDAD DE MÉXICO"	"CIUDAD DE MEXICO"	""	""	"VALIDADO"	"1050100"	"CLIENTES NACIONALES"	""	20/08/26	"NO"	"Pendiente de facturar"	33402,4	586195,14
36963	21675	13	03/08/26	21/08/26	03/08/26	"O"	03/08/26	"N"	"20790"	"DISTRIBUIDORA LIVERPOOL"	"OC: 33770250Monto: $163,718.27Vigencia: 21-ago-26"	"12572.200PC"	"BIRETIX CLEANSER 200 ML"	"12572.200"	"BIRETIX CLEANSER 200 ML"	100	"IMPORTADO"	""	""	""	""	""	""	""	6	0	280,08	1680,48	"4000100"	"VENTAS AL 16%"	""	""	0			""	""	0	0				""	05/08/26	"20790"	"DISTRIBUIDORA LIVERPOOL"	"DLI931201MI9"	"OTHER RETAILERS"	"MASS MARKET"	"NO BLOQUEADO"	"MXP"	"NA"	"LIVERPOOL"	23/11/17	"LIVERPOOL"	"LATAM"	"34500000"	"Y"	"90 DIAS"	"PROLONGACION VASCO DE QUIROGA"	"Fiscal"	23/11/17	"NORTH AMERICA"	"MEXICO"	"CIUDAD DE MÉXICO"	"CIUDAD DE MEXICO"	""	""	"VALIDADO"	"1050100"	"CLIENTES NACIONALES"	""	20/08/26	"NO"	"Pendiente de facturar"	1680,48	586195,14
36963	21675	14	03/08/26	21/08/26	03/08/26	"O"	03/08/26	"N"	"20790"	"DISTRIBUIDORA LIVERPOOL"	"OC: 33770250Monto: $163,718.27Vigencia: 21-ago-26"	"19494PC"	"NEOR DC ULTRA EMULSION DESPIG 30 ML"	"19494"	"NEOR DC ULTRA EMULSION DESPIG 30 ML"	100	"IMPORTADO"	""	""	""	""	""	""	""	2	0	614,62	1229,24	"4000100"	"VENTAS AL 16%"	""	""	0			""	""	0	0				""	05/08/26	"20790"	"DISTRIBUIDORA LIVERPOOL"	"DLI931201MI9"	"OTHER RETAILERS"	"MASS MARKET"	"NO BLOQUEADO"	"MXP"	"NA"	"LIVERPOOL"	23/11/17	"LIVERPOOL"	"LATAM"	"34500000"	"Y"	"90 DIAS"	"PROLONGACION VASCO DE QUIROGA"	"Fiscal"	23/11/17	"NORTH AMERICA"	"MEXICO"	"CIUDAD DE MÉXICO"	"CIUDAD DE MEXICO"	""	""	"VALIDADO"	"1050100"	"CLIENTES NACIONALES"	""	20/08/26	"NO"	"Pendiente de facturar"	1229,24	586195,14
36963	21675	15	03/08/26	21/08/26	03/08/26	"O"	03/08/26	"N"	"20790"	"DISTRIBUIDORA LIVERPOOL"	"OC: 33770250Monto: $163,718.27Vigencia: 21-ago-26"	"20964PC"	"ENDOCARE TENSAGE ALTA POTENCIA SERUM 30 ML"	"20964"	"ENDOCARE TENSAGE ALTA POTENCIA SERUM 30 ML"	100	"IMPORTADO"	""	""	""	""	""	""	""	2	0	695,01	1390,02	"4000100"	"VENTAS AL 16%"	""	""	0			""	""	0	0				""	05/08/26	"20790"	"DISTRIBUIDORA LIVERPOOL"	"DLI931201MI9"	"OTHER RETAILERS"	"MASS MARKET"	"NO BLOQUEADO"	"MXP"	"NA"	"LIVERPOOL"	23/11/17	"LIVERPOOL"	"LATAM"	"34500000"	"Y"	"90 DIAS"	"PROLONGACION VASCO DE QUIROGA"	"Fiscal"	23/11/17	"NORTH AMERICA"	"MEXICO"	"CIUDAD DE MÉXICO"	"CIUDAD DE MEXICO"	""	""	"VALIDADO"	"1050100"	"CLIENTES NACIONALES"	""	20/08/26	"NO"	"Pendiente de facturar"	1390,02	586195,14
36963	21675	16	03/08/26	21/08/26	03/08/26	"O"	03/08/26	"N"	"20790"	"DISTRIBUIDORA LIVERPOOL"	"OC: 33770250Monto: $163,718.27Vigencia: 21-ago-26"	"18174-03PCF"	"HELIOCARE 360º AGE ACTIVE FLUID 50ML"	"18174"	"HELIO 360º AGE ACTIVE FLUID SPF50+ 50ML"	100	"IMPORTADO"	""	""	""	""	""	""	""	4	0	417,53	1670,12	"4000100"	"VENTAS AL 16%"	""	""	0			""	""	0	0				""	05/08/26	"20790"	"DISTRIBUIDORA LIVERPOOL"	"DLI931201MI9"	"OTHER RETAILERS"	"MASS MARKET"	"NO BLOQUEADO"	"MXP"	"NA"	"LIVERPOOL"	23/11/17	"LIVERPOOL"	"LATAM"	"34500000"	"Y"	"90 DIAS"	"PROLONGACION VASCO DE QUIROGA"	"Fiscal"	23/11/17	"NORTH AMERICA"	"MEXICO"	"CIUDAD DE MÉXICO"	"CIUDAD DE MEXICO"	""	""	"VALIDADO"	"1050100"	"CLIENTES NACIONALES"	""	20/08/26	"NO"	"Pendiente de facturar"	1670,12	586195,14
36963	21675	17	03/08/26	21/08/26	03/08/26	"O"	03/08/26	"N"	"20790"	"DISTRIBUIDORA LIVERPOOL"	"OC: 33770250Monto: $163,718.27Vigencia: 21-ago-26"	"19679-02PCF"	"HELIOCARE 360° WATER GEL COLOR BEIGE 50 ML"	"19679"	"HELIOCARE 360° WATER GEL COLOR BEIGE 50 ML"	100	"IMPORTADO"	""	""	""	""	""	""	""	7	0	394,19	2759,33	"4000100"	"VENTAS AL 16%"	""	""	0			""	""	0	0				""	05/08/26	"20790"	"DISTRIBUIDORA LIVERPOOL"	"DLI931201MI9"	"OTHER RETAILERS"	"MASS MARKET"	"NO BLOQUEADO"	"MXP"	"NA"	"LIVERPOOL"	23/11/17	"LIVERPOOL"	"LATAM"	"34500000"	"Y"	"90 DIAS"	"PROLONGACION VASCO DE QUIROGA"	"Fiscal"	23/11/17	"NORTH AMERICA"	"MEXICO"	"CIUDAD DE MÉXICO"	"CIUDAD DE MEXICO"	""	""	"VALIDADO"	"1050100"	"CLIENTES NACIONALES"	""	20/08/26	"NO"	"Pendiente de facturar"	2759,33	586195,14
36963	21675	18	03/08/26	21/08/26	03/08/26	"O"	03/08/26	"N"	"20790"	"DISTRIBUIDORA LIVERPOOL"	"OC: 33770250Monto: $163,718.27Vigencia: 21-ago-26"	"17766PC"	"ENDOCARE RADIANCE CONTORNO OJOS ANTIOJERAS 15 ML"	"17766"	"ENDOCARE RADIANCE EDAFENCE CONTORNO OJOS 15 ML"	100	"IMPORTADO"	""	""	""	""	""	""	""	5	0	650,92	3254,6	"4000100"	"VENTAS AL 16%"	""	""	0			""	""	0	0				""	05/08/26	"20790"	"DISTRIBUIDORA LIVERPOOL"	"DLI931201MI9"	"OTHER RETAILERS"	"MASS MARKET"	"NO BLOQUEADO"	"MXP"	"NA"	"LIVERPOOL"	23/11/17	"LIVERPOOL"	"LATAM"	"34500000"	"Y"	"90 DIAS"	"PROLONGACION VASCO DE QUIROGA"	"Fiscal"	23/11/17	"NORTH AMERICA"	"MEXICO"	"CIUDAD DE MÉXICO"	"CIUDAD DE MEXICO"	""	""	"VALIDADO"	"1050100"	"CLIENTES NACIONALES"	""	20/08/26	"NO"	"Pendiente de facturar"	3254,6	586195,14
36963	21675	19	03/08/26	21/08/26	03/08/26	"O"	03/08/26	"N"	"20790"	"DISTRIBUIDORA LIVERPOOL"	"OC: 33770250Monto: $163,718.27Vigencia: 21-ago-26"	"20261-01PC"	"HELIOCARE 360º SPORT TRANSPARENT STICK 25 GR"	"20261"	"HELIOCARE 360º SPORT TRANSPARENT STICK"	100	"IMPORTADO"	""	""	""	""	""	""	""	35	0	321,57	11254,95	"4000100"	"VENTAS AL 16%"	""	""	0			""	""	0	0				""	05/08/26	"20790"	"DISTRIBUIDORA LIVERPOOL"	"DLI931201MI9"	"OTHER RETAILERS"	"MASS MARKET"	"NO BLOQUEADO"	"MXP"	"NA"	"LIVERPOOL"	23/11/17	"LIVERPOOL"	"LATAM"	"34500000"	"Y"	"90 DIAS"	"PROLONGACION VASCO DE QUIROGA"	"Fiscal"	23/11/17	"NORTH AMERICA"	"MEXICO"	"CIUDAD DE MÉXICO"	"CIUDAD DE MEXICO"	""	""	"VALIDADO"	"1050100"	"CLIENTES NACIONALES"	""	20/08/26	"NO"	"Pendiente de facturar"	11254,95	586195,14
36963	21675	20	03/08/26	21/08/26	03/08/26	"O"	03/08/26	"N"	"20790"	"DISTRIBUIDORA LIVERPOOL"	"OC: 33770250Monto: $163,718.27Vigencia: 21-ago-26"	"22749-02PCF"	"ENDOCARE AGE BARRIER HYALUBOOST SERUM 30 ML"	"22749"	"ENDOCARE HYALUBOOST AGE BARRIER SERUM 30 ML"	100	"IMPORTADO"	""	""	""	""	""	""	""	2	0	562,75	1125,5	"4000100"	"VENTAS AL 16%"	""	""	0			""	""	0	0				""	05/08/26	"20790"	"DISTRIBUIDORA LIVERPOOL"	"DLI931201MI9"	"OTHER RETAILERS"	"MASS MARKET"	"NO BLOQUEADO"	"MXP"	"NA"	"LIVERPOOL"	23/11/17	"LIVERPOOL"	"LATAM"	"34500000"	"Y"	"90 DIAS"	"PROLONGACION VASCO DE QUIROGA"	"Fiscal"	23/11/17	"NORTH AMERICA"	"MEXICO"	"CIUDAD DE MÉXICO"	"CIUDAD DE MEXICO"	""	""	"VALIDADO"	"1050100"	"CLIENTES NACIONALES"	""	20/08/26	"NO"	"Pendiente de facturar"	1125,5	586195,14
36963	21675	22	03/08/26	21/08/26	03/08/26	"O"	03/08/26	"N"	"20790"	"DISTRIBUIDORA LIVERPOOL"	"OC: 33770250Monto: $163,718.27Vigencia: 21-ago-26"	"21353PC"	"ENDOCARE RENEWAL CONTORNO DE OJOS 15 ML"	"21353"	"ENDO RENEWAL CONTORNO DE OJOS 15 ML"	100	"IMPORTADO"	""	""	""	""	""	""	""	14	0	656,11	9185,54	"4000100"	"VENTAS AL 16%"	""	""	0			""	""	0	0				""	05/08/26	"20790"	"DISTRIBUIDORA LIVERPOOL"	"DLI931201MI9"	"OTHER RETAILERS"	"MASS MARKET"	"NO BLOQUEADO"	"MXP"	"NA"	"LIVERPOOL"	23/11/17	"LIVERPOOL"	"LATAM"	"34500000"	"Y"	"90 DIAS"	"PROLONGACION VASCO DE QUIROGA"	"Fiscal"	23/11/17	"NORTH AMERICA"	"MEXICO"	"CIUDAD DE MÉXICO"	"CIUDAD DE MEXICO"	""	""	"VALIDADO"	"1050100"	"CLIENTES NACIONALES"	""	20/08/26	"NO"	"Pendiente de facturar"	9185,54	586195,14
36963	21675	24	03/08/26	21/08/26	03/08/26	"O"	03/08/26	"N"	"20790"	"DISTRIBUIDORA LIVERPOOL"	"OC: 33770250Monto: $163,718.27Vigencia: 21-ago-26"	"23955PC"	"HELIOCARE 360° PEDIATRICS STICK SPF50+"	"23955"	"HELIOCARE 360° PEDIATRICS STICK SPF50+"	100	"IMPORTADO"	""	""	""	""	""	""	""	10	0	321,57	3215,7	"4000100"	"VENTAS AL 16%"	""	""	0			""	""	0	0				""	05/08/26	"20790"	"DISTRIBUIDORA LIVERPOOL"	"DLI931201MI9"	"OTHER RETAILERS"	"MASS MARKET"	"NO BLOQUEADO"	"MXP"	"NA"	"LIVERPOOL"	23/11/17	"LIVERPOOL"	"LATAM"	"34500000"	"Y"	"90 DIAS"	"PROLONGACION VASCO DE QUIROGA"	"Fiscal"	23/11/17	"NORTH AMERICA"	"MEXICO"	"CIUDAD DE MÉXICO"	"CIUDAD DE MEXICO"	""	""	"VALIDADO"	"1050100"	"CLIENTES NACIONALES"	""	20/08/26	"NO"	"Pendiente de facturar"	3215,7	586195,14
36963	21675	25	03/08/26	21/08/26	03/08/26	"O"	03/08/26	"N"	"20790"	"DISTRIBUIDORA LIVERPOOL"	"OC: 33770250Monto: $163,718.27Vigencia: 21-ago-26"	"25767NBPCF"	"HELIOCARE 360 ACNIMAT SPF 50+ 50 ML"	"25767"	"HELIOCARE 360° ACNIMAT SPF50+"	100	"IMPORTADO"	""	""	""	""	""	""	""	3	0	396,77	1190,31	"4000100"	"VENTAS AL 16%"	""	""	0			""	""	0	0				""	05/08/26	"20790"	"DISTRIBUIDORA LIVERPOOL"	"DLI931201MI9"	"OTHER RETAILERS"	"MASS MARKET"	"NO BLOQUEADO"	"MXP"	"NA"	"LIVERPOOL"	23/11/17	"LIVERPOOL"	"LATAM"	"34500000"	"Y"	"90 DIAS"	"PROLONGACION VASCO DE QUIROGA"	"Fiscal"	23/11/17	"NORTH AMERICA"	"MEXICO"	"CIUDAD DE MÉXICO"	"CIUDAD DE MEXICO"	""	""	"VALIDADO"	"1050100"	"CLIENTES NACIONALES"	""	20/08/26	"NO"	"Pendiente de facturar"	1190,31	586195,14
36963	21675	26	03/08/26	21/08/26	03/08/26	"O"	03/08/26	"N"	"20790"	"DISTRIBUIDORA LIVERPOOL"	"OC: 33770250Monto: $163,718.27Vigencia: 21-ago-26"	"26233NBPCR"	"ENDOCARE AGE BARRIER HYALUBOOST CONTORNO OJOS 15ML"	"26233"	"ENDOCARE AGE BARRIER HYALUBOOST CONTORNO OJOS 15ML"	100	"IMPORTADO"	""	""	""	""	""	""	""	4	0	451,24	1804,96	"4000100"	"VENTAS AL 16%"	""	""	0			""	""	0	0				""	05/08/26	"20790"	"DISTRIBUIDORA LIVERPOOL"	"DLI931201MI9"	"OTHER RETAILERS"	"MASS MARKET"	"NO BLOQUEADO"	"MXP"	"NA"	"LIVERPOOL"	23/11/17	"LIVERPOOL"	"LATAM"	"34500000"	"Y"	"90 DIAS"	"PROLONGACION VASCO DE QUIROGA"	"Fiscal"	23/11/17	"NORTH AMERICA"	"MEXICO"	"CIUDAD DE MÉXICO"	"CIUDAD DE MEXICO"	""	""	"VALIDADO"	"1050100"	"CLIENTES NACIONALES"	""	20/08/26	"NO"	"Pendiente de facturar"	1804,96	586195,14
36963	21675	27	03/08/26	21/08/26	03/08/26	"O"	03/08/26	"N"	"20790"	"DISTRIBUIDORA LIVERPOOL"	"OC: 33770250Monto: $163,718.27Vigencia: 21-ago-26"	"26237-01PCF"	"ENDOCARE AGE BARRIER HYALUBOOST GEL CREAM 50ML"	"26237"	"ENDOCARE AGE BARRIER HYALUBOOST GEL CREAM 50ML"	100	"IMPORTADO"	""	""	""	""	""	""	""	4	0	542	2168	"4000100"	"VENTAS AL 16%"	""	""	0			""	""	0	0				""	05/08/26	"20790"	"DISTRIBUIDORA LIVERPOOL"	"DLI931201MI9"	"OTHER RETAILERS"	"MASS MARKET"	"NO BLOQUEADO"	"MXP"	"NA"	"LIVERPOOL"	23/11/17	"LIVERPOOL"	"LATAM"	"34500000"	"Y"	"90 DIAS"	"PROLONGACION VASCO DE QUIROGA"	"Fiscal"	23/11/17	"NORTH AMERICA"	"MEXICO"	"CIUDAD DE MÉXICO"	"CIUDAD DE MEXICO"	""	""	"VALIDADO"	"1050100"	"CLIENTES NACIONALES"	""	20/08/26	"NO"	"Pendiente de facturar"	2168	586195,14
36963	21675	28	03/08/26	21/08/26	03/08/26	"O"	03/08/26	"N"	"20790"	"DISTRIBUIDORA LIVERPOOL"	"OC: 33770250Monto: $163,718.27Vigencia: 21-ago-26"	"30920PCF"	"HELIOCARE 360 PIGMENT COVER STICK SPF 50 BEIGE"	"30920"	"HELIOCARE 360 PIGMENT COVER STICK SPF 50 BEIGE"	100	"IMPORTADO"	""	""	""	""	""	""	""	4	0	342,48	1369,92	"4000100"	"VENTAS AL 16%"	""	""	0			""	""	0	0				""	05/08/26	"20790"	"DISTRIBUIDORA LIVERPOOL"	"DLI931201MI9"	"OTHER RETAILERS"	"MASS MARKET"	"NO BLOQUEADO"	"MXP"	"NA"	"LIVERPOOL"	23/11/17	"LIVERPOOL"	"LATAM"	"34500000"	"Y"	"90 DIAS"	"PROLONGACION VASCO DE QUIROGA"	"Fiscal"	23/11/17	"NORTH AMERICA"	"MEXICO"	"CIUDAD DE MÉXICO"	"CIUDAD DE MEXICO"	""	""	"VALIDADO"	"1050100"	"CLIENTES NACIONALES"	""	20/08/26	"NO"	"Pendiente de facturar"	1369,92	586195,14
36963	21675	29	03/08/26	21/08/26	03/08/26	"O"	03/08/26	"N"	"20790"	"DISTRIBUIDORA LIVERPOOL"	"OC: 33770250Monto: $163,718.27Vigencia: 21-ago-26"	"30919PCF"	"HELIOCARE 360 PIGMENT COVER STICK SPF 50 BRONZE"	"30919"	"HELIOCARE 360 PIGMENT COVER STICK SPF 50 BRONZE"	100	"IMPORTADO"	""	""	""	""	""	""	""	4	0	342,48	1369,92	"4000100"	"VENTAS AL 16%"	""	""	0			""	""	0	0				""	05/08/26	"20790"	"DISTRIBUIDORA LIVERPOOL"	"DLI931201MI9"	"OTHER RETAILERS"	"MASS MARKET"	"NO BLOQUEADO"	"MXP"	"NA"	"LIVERPOOL"	23/11/17	"LIVERPOOL"	"LATAM"	"34500000"	"Y"	"90 DIAS"	"PROLONGACION VASCO DE QUIROGA"	"Fiscal"	23/11/17	"NORTH AMERICA"	"MEXICO"	"CIUDAD DE MÉXICO"	"CIUDAD DE MEXICO"	""	""	"VALIDADO"	"1050100"	"CLIENTES NACIONALES"	""	20/08/26	"NO"	"Pendiente de facturar"	1369,92	586195,14
36963	21675	30	03/08/26	21/08/26	03/08/26	"O"	03/08/26	"N"	"20790"	"DISTRIBUIDORA LIVERPOOL"	"OC: 33770250Monto: $163,718.27Vigencia: 21-ago-26"	"28719NBPC"	"HELIOCARE 360 SENSATION SENSATION SPF 50+ 50 mL"	"27179"	"HELIOCARE 360 SENSATION SPF50+ 50ML"	100	"IMPORTADO"	""	""	""	""	""	""	""	14	0	396,77	5554,78	"4000100"	"VENTAS AL 16%"	""	""	0			""	""	0	0				""	05/08/26	"20790"	"DISTRIBUIDORA LIVERPOOL"	"DLI931201MI9"	"OTHER RETAILERS"	"MASS MARKET"	"NO BLOQUEADO"	"MXP"	"NA"	"LIVERPOOL"	23/11/17	"LIVERPOOL"	"LATAM"	"34500000"	"Y"	"90 DIAS"	"PROLONGACION VASCO DE QUIROGA"	"Fiscal"	23/11/17	"NORTH AMERICA"	"MEXICO"	"CIUDAD DE MÉXICO"	"CIUDAD DE MEXICO"	""	""	"VALIDADO"	"1050100"	"CLIENTES NACIONALES"	""	20/08/26	"NO"	"Pendiente de facturar"	5554,78	586195,14
36963	21675	31	03/08/26	21/08/26	03/08/26	"O"	03/08/26	"N"	"20790"	"DISTRIBUIDORA LIVERPOOL"	"OC: 33770250Monto: $163,718.27Vigencia: 21-ago-26"	"24267MXNBPCF"	"HELIOCARE 360° MATTIFYING  BRUSH SPF50 3G"	"24267MX"	"HELIOCARE 360° MATTIFYING BRUSH SPF50 3G"	100	"IMPORTADO"	""	""	""	""	""	""	""	14	0	363,06	5082,84	"4000100"	"VENTAS AL 16%"	""	""	0			""	""	0	0				""	05/08/26	"20790"	"DISTRIBUIDORA LIVERPOOL"	"DLI931201MI9"	"OTHER RETAILERS"	"MASS MARKET"	"NO BLOQUEADO"	"MXP"	"NA"	"LIVERPOOL"	23/11/17	"LIVERPOOL"	"LATAM"	"34500000"	"Y"	"90 DIAS"	"PROLONGACION VASCO DE QUIROGA"	"Fiscal"	23/11/17	"NORTH AMERICA"	"MEXICO"	"CIUDAD DE MÉXICO"	"CIUDAD DE MEXICO"	""	""	"VALIDADO"	"1050100"	"CLIENTES NACIONALES"	""	20/08/26	"NO"	"Pendiente de facturar"	5082,84	586195,14
36985	21697	0	05/08/26	28/08/26	05/08/26	"O"	05/08/26	"N"	"20790"	"DISTRIBUIDORA LIVERPOOL"	"OC: 33771895Monto: $154,054.42Vigencia: 28-ago-26"	"24296MX"	"ENDOCARE TENSAGE CREMA 30ML"	"24296MX"	"ENDOCARE TENSAGE CREMA 30ML"	120	"COMERCIAL"	""	""	""	""	""	""	""	17	0	682,04	11594,68	"4000100"	"VENTAS AL 16%"	""	""	0			""	""	0	0				""	06/08/26	"20790"	"DISTRIBUIDORA LIVERPOOL"	"DLI931201MI9"	"OTHER RETAILERS"	"MASS MARKET"	"NO BLOQUEADO"	"MXP"	"NA"	"LIVERPOOL"	23/11/17	"LIVERPOOL"	"LATAM"	"34500000"	"Y"	"90 DIAS"	"PROLONGACION VASCO DE QUIROGA"	"Fiscal"	23/11/17	"NORTH AMERICA"	"MEXICO"	"CIUDAD DE MÉXICO"	"CIUDAD DE MEXICO"	""	""	"VALIDADO"	"1050100"	"CLIENTES NACIONALES"	""	20/08/26	"NO"	"Pendiente de facturar"	11594,68	586195,14
36985	21697	1	05/08/26	28/08/26	05/08/26	"O"	05/08/26	"N"	"20790"	"DISTRIBUIDORA LIVERPOOL"	"OC: 33771895Monto: $154,054.42Vigencia: 28-ago-26"	"24312MX"	"ENDOCARE TENSAGE CONTORNO DE OJOS 15ML"	"24312MX"	"ENDOCARE TENSAGE CONTORNO DE OJOS 15ML"	120	"COMERCIAL"	""	""	""	""	""	""	""	15	0	653,52	9802,8	"4000100"	"VENTAS AL 16%"	""	""	0			""	""	0	0				""	06/08/26	"20790"	"DISTRIBUIDORA LIVERPOOL"	"DLI931201MI9"	"OTHER RETAILERS"	"MASS MARKET"	"NO BLOQUEADO"	"MXP"	"NA"	"LIVERPOOL"	23/11/17	"LIVERPOOL"	"LATAM"	"34500000"	"Y"	"90 DIAS"	"PROLONGACION VASCO DE QUIROGA"	"Fiscal"	23/11/17	"NORTH AMERICA"	"MEXICO"	"CIUDAD DE MÉXICO"	"CIUDAD DE MEXICO"	""	""	"VALIDADO"	"1050100"	"CLIENTES NACIONALES"	""	20/08/26	"NO"	"Pendiente de facturar"	9802,8	586195,14
36985	21697	2	05/08/26	28/08/26	05/08/26	"O"	05/08/26	"N"	"20790"	"DISTRIBUIDORA LIVERPOOL"	"OC: 33771895Monto: $154,054.42Vigencia: 28-ago-26"	"23627-110PC"	"IRALTONE FORTE 60 CAPSULAS"	"9729M3"	"IRALTONE FORTE BLISTER 15 CAPS."	100	"IMPORTADO"	""	""	""	""	""	""	""	5	0	604,25	3021,25	"4000100"	"VENTAS AL 16%"	""	""	0			""	""	0	0				""	06/08/26	"20790"	"DISTRIBUIDORA LIVERPOOL"	"DLI931201MI9"	"OTHER RETAILERS"	"MASS MARKET"	"NO BLOQUEADO"	"MXP"	"NA"	"LIVERPOOL"	23/11/17	"LIVERPOOL"	"LATAM"	"34500000"	"Y"	"90 DIAS"	"PROLONGACION VASCO DE QUIROGA"	"Fiscal"	23/11/17	"NORTH AMERICA"	"MEXICO"	"CIUDAD DE MÉXICO"	"CIUDAD DE MEXICO"	""	""	"VALIDADO"	"1050100"	"CLIENTES NACIONALES"	""	20/08/26	"NO"	"Pendiente de facturar"	3021,25	586195,14
36985	21697	3	05/08/26	28/08/26	05/08/26	"O"	05/08/26	"N"	"20790"	"DISTRIBUIDORA LIVERPOOL"	"OC: 33771895Monto: $154,054.42Vigencia: 28-ago-26"	"10564-02PC"	"NEORETIN DC SERUM FLUID 30ML"	"10564-02PC"	"NEORETIN DC SERUM FLUID 30ML"	120	"COMERCIAL"	""	""	""	""	""	""	""	4	0	542	2168	"4000100"	"VENTAS AL 16%"	""	""	0			""	""	0	0				""	06/08/26	"20790"	"DISTRIBUIDORA LIVERPOOL"	"DLI931201MI9"	"OTHER RETAILERS"	"MASS MARKET"	"NO BLOQUEADO"	"MXP"	"NA"	"LIVERPOOL"	23/11/17	"LIVERPOOL"	"LATAM"	"34500000"	"Y"	"90 DIAS"	"PROLONGACION VASCO DE QUIROGA"	"Fiscal"	23/11/17	"NORTH AMERICA"	"MEXICO"	"CIUDAD DE MÉXICO"	"CIUDAD DE MEXICO"	""	""	"VALIDADO"	"1050100"	"CLIENTES NACIONALES"	""	20/08/26	"NO"	"Pendiente de facturar"	2168	586195,14
36985	21697	4	05/08/26	28/08/26	05/08/26	"O"	05/08/26	"N"	"20790"	"DISTRIBUIDORA LIVERPOOL"	"OC: 33771895Monto: $154,054.42Vigencia: 28-ago-26"	"11685MX-01"	"HELIOCARE 360° GEL OIL-FREE 50ML"	"11685"	"HELIOCARE 360° GEL OIL-FREE 50ML"	100	"IMPORTADO"	""	""	""	""	""	""	""	3	0	394,19	1182,57	"4000100"	"VENTAS AL 16%"	""	""	0			""	""	0	0				""	06/08/26	"20790"	"DISTRIBUIDORA LIVERPOOL"	"DLI931201MI9"	"OTHER RETAILERS"	"MASS MARKET"	"NO BLOQUEADO"	"MXP"	"NA"	"LIVERPOOL"	23/11/17	"LIVERPOOL"	"LATAM"	"34500000"	"Y"	"90 DIAS"	"PROLONGACION VASCO DE QUIROGA"	"Fiscal"	23/11/17	"NORTH AMERICA"	"MEXICO"	"CIUDAD DE MÉXICO"	"CIUDAD DE MEXICO"	""	""	"VALIDADO"	"1050100"	"CLIENTES NACIONALES"	""	20/08/26	"NO"	"Pendiente de facturar"	1182,57	586195,14
36985	21697	5	05/08/26	28/08/26	05/08/26	"O"	05/08/26	"N"	"20790"	"DISTRIBUIDORA LIVERPOOL"	"OC: 33771895Monto: $154,054.42Vigencia: 28-ago-26"	"12065-01PC"	"HELIOCARE 360° AIRGEL 200ML"	"12065"	"HELIOCARE 360° AIRGEL 200ML"	100	"IMPORTADO"	""	""	""	""	""	""	""	7	0	417,53	2922,71	"4000100"	"VENTAS AL 16%"	""	""	0			""	""	0	0				""	06/08/26	"20790"	"DISTRIBUIDORA LIVERPOOL"	"DLI931201MI9"	"OTHER RETAILERS"	"MASS MARKET"	"NO BLOQUEADO"	"MXP"	"NA"	"LIVERPOOL"	23/11/17	"LIVERPOOL"	"LATAM"	"34500000"	"Y"	"90 DIAS"	"PROLONGACION VASCO DE QUIROGA"	"Fiscal"	23/11/17	"NORTH AMERICA"	"MEXICO"	"CIUDAD DE MÉXICO"	"CIUDAD DE MEXICO"	""	""	"VALIDADO"	"1050100"	"CLIENTES NACIONALES"	""	20/08/26	"NO"	"Pendiente de facturar"	2922,71	586195,14
36985	21697	6	05/08/26	28/08/26	05/08/26	"O"	05/08/26	"N"	"20790"	"DISTRIBUIDORA LIVERPOOL"	"OC: 33771895Monto: $154,054.42Vigencia: 28-ago-26"	"27715PC"	"HELIOCARE 360° ADVANCED GEL SPF50+"	"27715"	"HELIOCARE 360° ADVANCED GEL SPF50+"	100	"IMPORTADO"	""	""	""	""	""	""	""	1	1	414,93	414,93	"4000100"	"VENTAS AL 16%"	""	""	0			""	""	0	0				""	06/08/26	"20790"	"DISTRIBUIDORA LIVERPOOL"	"DLI931201MI9"	"OTHER RETAILERS"	"MASS MARKET"	"NO BLOQUEADO"	"MXP"	"NA"	"LIVERPOOL"	23/11/17	"LIVERPOOL"	"LATAM"	"34500000"	"Y"	"90 DIAS"	"PROLONGACION VASCO DE QUIROGA"	"Fiscal"	23/11/17	"NORTH AMERICA"	"MEXICO"	"CIUDAD DE MÉXICO"	"CIUDAD DE MEXICO"	""	""	"VALIDADO"	"1050100"	"CLIENTES NACIONALES"	""	20/08/26	"NO"	"Pendiente de facturar"	414,93	586195,14
36985	21697	7	05/08/26	28/08/26	05/08/26	"O"	05/08/26	"N"	"20790"	"DISTRIBUIDORA LIVERPOOL"	"OC: 33771895Monto: $154,054.42Vigencia: 28-ago-26"	"23622.30MX"	"HELIOCARE 360° ORAL 30 CÁPS."	"12403MX"	"HELIOCARE 360° ORAL 30 CÁPS."	124	"SUP. ALIM."	""	""	""	""	""	""	""	9	0	459,02	4131,18	"4000100"	"VENTAS AL 16%"	""	""	0			""	""	0	0				""	06/08/26	"20790"	"DISTRIBUIDORA LIVERPOOL"	"DLI931201MI9"	"OTHER RETAILERS"	"MASS MARKET"	"NO BLOQUEADO"	"MXP"	"NA"	"LIVERPOOL"	23/11/17	"LIVERPOOL"	"LATAM"	"34500000"	"Y"	"90 DIAS"	"PROLONGACION VASCO DE QUIROGA"	"Fiscal"	23/11/17	"NORTH AMERICA"	"MEXICO"	"CIUDAD DE MÉXICO"	"CIUDAD DE MEXICO"	""	""	"VALIDADO"	"1050100"	"CLIENTES NACIONALES"	""	20/08/26	"NO"	"Pendiente de facturar"	4131,18	586195,14
36985	21697	8	05/08/26	28/08/26	05/08/26	"O"	05/08/26	"N"	"20790"	"DISTRIBUIDORA LIVERPOOL"	"OC: 33771895Monto: $154,054.42Vigencia: 28-ago-26"	"14557MX-01"	"HELIOCARE 360° COLOR GEL OIL-FREE BEIGE 50ML"	"14557"	"HELIOCARE 360° COLOR GEL OIL-FREE BEIGE 50ML"	100	"IMPORTADO"	""	""	""	""	""	""	""	7	0	394,19	2759,33	"4000100"	"VENTAS AL 16%"	""	""	0			""	""	0	0				""	06/08/26	"20790"	"DISTRIBUIDORA LIVERPOOL"	"DLI931201MI9"	"OTHER RETAILERS"	"MASS MARKET"	"NO BLOQUEADO"	"MXP"	"NA"	"LIVERPOOL"	23/11/17	"LIVERPOOL"	"LATAM"	"34500000"	"Y"	"90 DIAS"	"PROLONGACION VASCO DE QUIROGA"	"Fiscal"	23/11/17	"NORTH AMERICA"	"MEXICO"	"CIUDAD DE MÉXICO"	"CIUDAD DE MEXICO"	""	""	"VALIDADO"	"1050100"	"CLIENTES NACIONALES"	""	20/08/26	"NO"	"Pendiente de facturar"	2759,33	586195,14
36985	21697	9	05/08/26	28/08/26	05/08/26	"O"	05/08/26	"N"	"20790"	"DISTRIBUIDORA LIVERPOOL"	"OC: 33771895Monto: $154,054.42Vigencia: 28-ago-26"	"14556-01PC"	"HELIOCARE 360° COLOR GEL OIL-FREE BRONZE 50ML"	"14556-01PC"	"HELIOCARE 360° COLOR GEL OIL-FREE BRONZE 50ML"	120	"COMERCIAL"	""	""	""	""	""	""	""	7	0	394,19	2759,33	"4000100"	"VENTAS AL 16%"	""	""	0			""	""	0	0				""	06/08/26	"20790"	"DISTRIBUIDORA LIVERPOOL"	"DLI931201MI9"	"OTHER RETAILERS"	"MASS MARKET"	"NO BLOQUEADO"	"MXP"	"NA"	"LIVERPOOL"	23/11/17	"LIVERPOOL"	"LATAM"	"34500000"	"Y"	"90 DIAS"	"PROLONGACION VASCO DE QUIROGA"	"Fiscal"	23/11/17	"NORTH AMERICA"	"MEXICO"	"CIUDAD DE MÉXICO"	"CIUDAD DE MEXICO"	""	""	"VALIDADO"	"1050100"	"CLIENTES NACIONALES"	""	20/08/26	"NO"	"Pendiente de facturar"	2759,33	586195,14
36985	21697	10	05/08/26	28/08/26	05/08/26	"O"	05/08/26	"N"	"20790"	"DISTRIBUIDORA LIVERPOOL"	"OC: 33771895Monto: $154,054.42Vigencia: 28-ago-26"	"16979MX"	"BIRETIX BARRA 80 G."	"16979"	"BIRETIX BARRA 80 G."	100	"IMPORTADO"	""	""	""	""	""	""	""	15	0	101,26	1518,9	"4000100"	"VENTAS AL 16%"	""	""	0			""	""	0	0				""	06/08/26	"20790"	"DISTRIBUIDORA LIVERPOOL"	"DLI931201MI9"	"OTHER RETAILERS"	"MASS MARKET"	"NO BLOQUEADO"	"MXP"	"NA"	"LIVERPOOL"	23/11/17	"LIVERPOOL"	"LATAM"	"34500000"	"Y"	"90 DIAS"	"PROLONGACION VASCO DE QUIROGA"	"Fiscal"	23/11/17	"NORTH AMERICA"	"MEXICO"	"CIUDAD DE MÉXICO"	"CIUDAD DE MEXICO"	""	""	"VALIDADO"	"1050100"	"CLIENTES NACIONALES"	""	20/08/26	"NO"	"Pendiente de facturar"	1518,9	586195,14
36985	21697	11	05/08/26	28/08/26	05/08/26	"O"	05/08/26	"N"	"20790"	"DISTRIBUIDORA LIVERPOOL"	"OC: 33771895Monto: $154,054.42Vigencia: 28-ago-26"	"17260.400PC"	"ENDOCARE HYDRACTIVE AGUA MICELAR 400ML"	"17260.400"	"ENDOCARE HYDRACTIVE AGUA MICELAR 400ML"	100	"IMPORTADO"	""	""	""	""	""	""	""	3	0	329,35	988,05	"4000100"	"VENTAS AL 16%"	""	""	0			""	""	0	0				""	06/08/26	"20790"	"DISTRIBUIDORA LIVERPOOL"	"DLI931201MI9"	"OTHER RETAILERS"	"MASS MARKET"	"NO BLOQUEADO"	"MXP"	"NA"	"LIVERPOOL"	23/11/17	"LIVERPOOL"	"LATAM"	"34500000"	"Y"	"90 DIAS"	"PROLONGACION VASCO DE QUIROGA"	"Fiscal"	23/11/17	"NORTH AMERICA"	"MEXICO"	"CIUDAD DE MÉXICO"	"CIUDAD DE MEXICO"	""	""	"VALIDADO"	"1050100"	"CLIENTES NACIONALES"	""	20/08/26	"NO"	"Pendiente de facturar"	988,05	586195,14
36985	21697	12	05/08/26	28/08/26	05/08/26	"O"	05/08/26	"N"	"20790"	"DISTRIBUIDORA LIVERPOOL"	"OC: 33771895Monto: $154,054.42Vigencia: 28-ago-26"	"17270PC"	"BIRETIX TRIACTIVE SPRAY 100ML"	"17270"	"BIRETIX TRIACTIVE SPRAY 100ML"	100	"IMPORTADO"	""	""	""	""	""	""	""	6	0	513,47	3080,82	"4000100"	"VENTAS AL 16%"	""	""	0			""	""	0	0				""	06/08/26	"20790"	"DISTRIBUIDORA LIVERPOOL"	"DLI931201MI9"	"OTHER RETAILERS"	"MASS MARKET"	"NO BLOQUEADO"	"MXP"	"NA"	"LIVERPOOL"	23/11/17	"LIVERPOOL"	"LATAM"	"34500000"	"Y"	"90 DIAS"	"PROLONGACION VASCO DE QUIROGA"	"Fiscal"	23/11/17	"NORTH AMERICA"	"MEXICO"	"CIUDAD DE MÉXICO"	"CIUDAD DE MEXICO"	""	""	"VALIDADO"	"1050100"	"CLIENTES NACIONALES"	""	20/08/26	"NO"	"Pendiente de facturar"	3080,82	586195,14
36985	21697	13	05/08/26	28/08/26	05/08/26	"O"	05/08/26	"N"	"20790"	"DISTRIBUIDORA LIVERPOOL"	"OC: 33771895Monto: $154,054.42Vigencia: 28-ago-26"	"15930-03PC"	"HELIOCARE 360° WATER GEL 50ML"	"15930"	"HELIOCARE 360° WATER GEL 50ML"	100	"IMPORTADO"	""	""	""	""	""	""	""	8	0	394,19	3153,52	"4000100"	"VENTAS AL 16%"	""	""	0			""	""	0	0				""	06/08/26	"20790"	"DISTRIBUIDORA LIVERPOOL"	"DLI931201MI9"	"OTHER RETAILERS"	"MASS MARKET"	"NO BLOQUEADO"	"MXP"	"NA"	"LIVERPOOL"	23/11/17	"LIVERPOOL"	"LATAM"	"34500000"	"Y"	"90 DIAS"	"PROLONGACION VASCO DE QUIROGA"	"Fiscal"	23/11/17	"NORTH AMERICA"	"MEXICO"	"CIUDAD DE MÉXICO"	"CIUDAD DE MEXICO"	""	""	"VALIDADO"	"1050100"	"CLIENTES NACIONALES"	""	20/08/26	"NO"	"Pendiente de facturar"	3153,52	586195,14
36985	21697	14	05/08/26	28/08/26	05/08/26	"O"	05/08/26	"N"	"20790"	"DISTRIBUIDORA LIVERPOOL"	"OC: 33771895Monto: $154,054.42Vigencia: 28-ago-26"	"18171MX-03"	"HELIOCARE 360° PIGMENT SOLUTION FLUID 50ML"	"18171"	"HELIOCARE 360° PIGMENT SOLUTION FLUID 50ML"	100	"IMPORTADO"	""	""	""	""	""	""	""	13	0	417,53	5427,89	"4000100"	"VENTAS AL 16%"	""	""	0			""	""	0	0				""	06/08/26	"20790"	"DISTRIBUIDORA LIVERPOOL"	"DLI931201MI9"	"OTHER RETAILERS"	"MASS MARKET"	"NO BLOQUEADO"	"MXP"	"NA"	"LIVERPOOL"	23/11/17	"LIVERPOOL"	"LATAM"	"34500000"	"Y"	"90 DIAS"	"PROLONGACION VASCO DE QUIROGA"	"Fiscal"	23/11/17	"NORTH AMERICA"	"MEXICO"	"CIUDAD DE MÉXICO"	"CIUDAD DE MEXICO"	""	""	"VALIDADO"	"1050100"	"CLIENTES NACIONALES"	""	20/08/26	"NO"	"Pendiente de facturar"	5427,89	586195,14
36985	21697	15	05/08/26	28/08/26	05/08/26	"O"	05/08/26	"N"	"20790"	"DISTRIBUIDORA LIVERPOOL"	"OC: 33771895Monto: $154,054.42Vigencia: 28-ago-26"	"12572.200PC"	"BIRETIX CLEANSER 200 ML"	"12572.200"	"BIRETIX CLEANSER 200 ML"	100	"IMPORTADO"	""	""	""	""	""	""	""	9	0	280,08	2520,72	"4000100"	"VENTAS AL 16%"	""	""	0			""	""	0	0				""	06/08/26	"20790"	"DISTRIBUIDORA LIVERPOOL"	"DLI931201MI9"	"OTHER RETAILERS"	"MASS MARKET"	"NO BLOQUEADO"	"MXP"	"NA"	"LIVERPOOL"	23/11/17	"LIVERPOOL"	"LATAM"	"34500000"	"Y"	"90 DIAS"	"PROLONGACION VASCO DE QUIROGA"	"Fiscal"	23/11/17	"NORTH AMERICA"	"MEXICO"	"CIUDAD DE MÉXICO"	"CIUDAD DE MEXICO"	""	""	"VALIDADO"	"1050100"	"CLIENTES NACIONALES"	""	20/08/26	"NO"	"Pendiente de facturar"	2520,72	586195,14
36985	21697	16	05/08/26	28/08/26	05/08/26	"O"	05/08/26	"N"	"20790"	"DISTRIBUIDORA LIVERPOOL"	"OC: 33771895Monto: $154,054.42Vigencia: 28-ago-26"	"19494PC"	"NEOR DC ULTRA EMULSION DESPIG 30 ML"	"19494"	"NEOR DC ULTRA EMULSION DESPIG 30 ML"	100	"IMPORTADO"	""	""	""	""	""	""	""	13	0	614,62	7990,06	"4000100"	"VENTAS AL 16%"	""	""	0			""	""	0	0				""	06/08/26	"20790"	"DISTRIBUIDORA LIVERPOOL"	"DLI931201MI9"	"OTHER RETAILERS"	"MASS MARKET"	"NO BLOQUEADO"	"MXP"	"NA"	"LIVERPOOL"	23/11/17	"LIVERPOOL"	"LATAM"	"34500000"	"Y"	"90 DIAS"	"PROLONGACION VASCO DE QUIROGA"	"Fiscal"	23/11/17	"NORTH AMERICA"	"MEXICO"	"CIUDAD DE MÉXICO"	"CIUDAD DE MEXICO"	""	""	"VALIDADO"	"1050100"	"CLIENTES NACIONALES"	""	20/08/26	"NO"	"Pendiente de facturar"	7990,06	586195,14
36985	21697	17	05/08/26	28/08/26	05/08/26	"O"	05/08/26	"N"	"20790"	"DISTRIBUIDORA LIVERPOOL"	"OC: 33771895Monto: $154,054.42Vigencia: 28-ago-26"	"20964PC"	"ENDOCARE TENSAGE ALTA POTENCIA SERUM 30 ML"	"20964"	"ENDOCARE TENSAGE ALTA POTENCIA SERUM 30 ML"	100	"IMPORTADO"	""	""	""	""	""	""	""	11	0	695,01	7645,11	"4000100"	"VENTAS AL 16%"	""	""	0			""	""	0	0				""	06/08/26	"20790"	"DISTRIBUIDORA LIVERPOOL"	"DLI931201MI9"	"OTHER RETAILERS"	"MASS MARKET"	"NO BLOQUEADO"	"MXP"	"NA"	"LIVERPOOL"	23/11/17	"LIVERPOOL"	"LATAM"	"34500000"	"Y"	"90 DIAS"	"PROLONGACION VASCO DE QUIROGA"	"Fiscal"	23/11/17	"NORTH AMERICA"	"MEXICO"	"CIUDAD DE MÉXICO"	"CIUDAD DE MEXICO"	""	""	"VALIDADO"	"1050100"	"CLIENTES NACIONALES"	""	20/08/26	"NO"	"Pendiente de facturar"	7645,11	586195,14
36985	21697	18	05/08/26	28/08/26	05/08/26	"O"	05/08/26	"N"	"20790"	"DISTRIBUIDORA LIVERPOOL"	"OC: 33771895Monto: $154,054.42Vigencia: 28-ago-26"	"18174-03PCF"	"HELIOCARE 360º AGE ACTIVE FLUID 50ML"	"18174"	"HELIO 360º AGE ACTIVE FLUID SPF50+ 50ML"	100	"IMPORTADO"	""	""	""	""	""	""	""	9	0	417,53	3757,77	"4000100"	"VENTAS AL 16%"	""	""	0			""	""	0	0				""	06/08/26	"20790"	"DISTRIBUIDORA LIVERPOOL"	"DLI931201MI9"	"OTHER RETAILERS"	"MASS MARKET"	"NO BLOQUEADO"	"MXP"	"NA"	"LIVERPOOL"	23/11/17	"LIVERPOOL"	"LATAM"	"34500000"	"Y"	"90 DIAS"	"PROLONGACION VASCO DE QUIROGA"	"Fiscal"	23/11/17	"NORTH AMERICA"	"MEXICO"	"CIUDAD DE MÉXICO"	"CIUDAD DE MEXICO"	""	""	"VALIDADO"	"1050100"	"CLIENTES NACIONALES"	""	20/08/26	"NO"	"Pendiente de facturar"	3757,77	586195,14
36985	21697	19	05/08/26	28/08/26	05/08/26	"O"	05/08/26	"N"	"20790"	"DISTRIBUIDORA LIVERPOOL"	"OC: 33771895Monto: $154,054.42Vigencia: 28-ago-26"	"19679-02PCF"	"HELIOCARE 360° WATER GEL COLOR BEIGE 50 ML"	"19679"	"HELIOCARE 360° WATER GEL COLOR BEIGE 50 ML"	100	"IMPORTADO"	""	""	""	""	""	""	""	14	0	394,19	5518,66	"4000100"	"VENTAS AL 16%"	""	""	0			""	""	0	0				""	06/08/26	"20790"	"DISTRIBUIDORA LIVERPOOL"	"DLI931201MI9"	"OTHER RETAILERS"	"MASS MARKET"	"NO BLOQUEADO"	"MXP"	"NA"	"LIVERPOOL"	23/11/17	"LIVERPOOL"	"LATAM"	"34500000"	"Y"	"90 DIAS"	"PROLONGACION VASCO DE QUIROGA"	"Fiscal"	23/11/17	"NORTH AMERICA"	"MEXICO"	"CIUDAD DE MÉXICO"	"CIUDAD DE MEXICO"	""	""	"VALIDADO"	"1050100"	"CLIENTES NACIONALES"	""	20/08/26	"NO"	"Pendiente de facturar"	5518,66	586195,14
36985	21697	20	05/08/26	28/08/26	05/08/26	"O"	05/08/26	"N"	"20790"	"DISTRIBUIDORA LIVERPOOL"	"OC: 33771895Monto: $154,054.42Vigencia: 28-ago-26"	"17766PC"	"ENDOCARE RADIANCE CONTORNO OJOS ANTIOJERAS 15 ML"	"17766"	"ENDOCARE RADIANCE EDAFENCE CONTORNO OJOS 15 ML"	100	"IMPORTADO"	""	""	""	""	""	""	""	2	0	650,92	1301,84	"4000100"	"VENTAS AL 16%"	""	""	0			""	""	0	0				""	06/08/26	"20790"	"DISTRIBUIDORA LIVERPOOL"	"DLI931201MI9"	"OTHER RETAILERS"	"MASS MARKET"	"NO BLOQUEADO"	"MXP"	"NA"	"LIVERPOOL"	23/11/17	"LIVERPOOL"	"LATAM"	"34500000"	"Y"	"90 DIAS"	"PROLONGACION VASCO DE QUIROGA"	"Fiscal"	23/11/17	"NORTH AMERICA"	"MEXICO"	"CIUDAD DE MÉXICO"	"CIUDAD DE MEXICO"	""	""	"VALIDADO"	"1050100"	"CLIENTES NACIONALES"	""	20/08/26	"NO"	"Pendiente de facturar"	1301,84	586195,14
36985	21697	21	05/08/26	28/08/26	05/08/26	"O"	05/08/26	"N"	"20790"	"DISTRIBUIDORA LIVERPOOL"	"OC: 33771895Monto: $154,054.42Vigencia: 28-ago-26"	"20261-01PC"	"HELIOCARE 360º SPORT TRANSPARENT STICK 25 GR"	"20261"	"HELIOCARE 360º SPORT TRANSPARENT STICK"	100	"IMPORTADO"	""	""	""	""	""	""	""	20	0	321,57	6431,4	"4000100"	"VENTAS AL 16%"	""	""	0			""	""	0	0				""	06/08/26	"20790"	"DISTRIBUIDORA LIVERPOOL"	"DLI931201MI9"	"OTHER RETAILERS"	"MASS MARKET"	"NO BLOQUEADO"	"MXP"	"NA"	"LIVERPOOL"	23/11/17	"LIVERPOOL"	"LATAM"	"34500000"	"Y"	"90 DIAS"	"PROLONGACION VASCO DE QUIROGA"	"Fiscal"	23/11/17	"NORTH AMERICA"	"MEXICO"	"CIUDAD DE MÉXICO"	"CIUDAD DE MEXICO"	""	""	"VALIDADO"	"1050100"	"CLIENTES NACIONALES"	""	20/08/26	"NO"	"Pendiente de facturar"	6431,4	586195,14
36985	21697	23	05/08/26	28/08/26	05/08/26	"O"	05/08/26	"N"	"20790"	"DISTRIBUIDORA LIVERPOOL"	"OC: 33771895Monto: $154,054.42Vigencia: 28-ago-26"	"21353PC"	"ENDOCARE RENEWAL CONTORNO DE OJOS 15 ML"	"21353"	"ENDO RENEWAL CONTORNO DE OJOS 15 ML"	100	"IMPORTADO"	""	""	""	""	""	""	""	18	0	656,11	11809,98	"4000100"	"VENTAS AL 16%"	""	""	0			""	""	0	0				""	06/08/26	"20790"	"DISTRIBUIDORA LIVERPOOL"	"DLI931201MI9"	"OTHER RETAILERS"	"MASS MARKET"	"NO BLOQUEADO"	"MXP"	"NA"	"LIVERPOOL"	23/11/17	"LIVERPOOL"	"LATAM"	"34500000"	"Y"	"90 DIAS"	"PROLONGACION VASCO DE QUIROGA"	"Fiscal"	23/11/17	"NORTH AMERICA"	"MEXICO"	"CIUDAD DE MÉXICO"	"CIUDAD DE MEXICO"	""	""	"VALIDADO"	"1050100"	"CLIENTES NACIONALES"	""	20/08/26	"NO"	"Pendiente de facturar"	11809,98	586195,14
36985	21697	24	05/08/26	28/08/26	05/08/26	"O"	05/08/26	"N"	"20790"	"DISTRIBUIDORA LIVERPOOL"	"OC: 33771895Monto: $154,054.42Vigencia: 28-ago-26"	"23269NBPC"	"HELIOCARE 360° BODY GLOW SPF50+ 100 ML"	"23269"	"HELIOCARE 360° BODY GLOW SPF50+ 100 ML"	100	"IMPORTADO"	""	""	""	""	""	""	""	14	0	370,85	5191,9	"4000100"	"VENTAS AL 16%"	""	""	0			""	""	0	0				""	06/08/26	"20790"	"DISTRIBUIDORA LIVERPOOL"	"DLI931201MI9"	"OTHER RETAILERS"	"MASS MARKET"	"NO BLOQUEADO"	"MXP"	"NA"	"LIVERPOOL"	23/11/17	"LIVERPOOL"	"LATAM"	"34500000"	"Y"	"90 DIAS"	"PROLONGACION VASCO DE QUIROGA"	"Fiscal"	23/11/17	"NORTH AMERICA"	"MEXICO"	"CIUDAD DE MÉXICO"	"CIUDAD DE MEXICO"	""	""	"VALIDADO"	"1050100"	"CLIENTES NACIONALES"	""	20/08/26	"NO"	"Pendiente de facturar"	5191,9	586195,14
36985	21697	25	05/08/26	28/08/26	05/08/26	"O"	05/08/26	"N"	"20790"	"DISTRIBUIDORA LIVERPOOL"	"OC: 33771895Monto: $154,054.42Vigencia: 28-ago-26"	"25257PCF"	"HELIOCARE 360° COLOR OIL-FREE COMPACT BEIGE SPF50+ 10G"	"25257"	"HELIOCARE 360 OIL-FREE COMPACT BEIGE 10GR"	100	"IMPORTADO"	""	""	""	""	""	""	""	36	0	339,72	12229,92	"4000100"	"VENTAS AL 16%"	""	""	0			""	""	0	0				""	06/08/26	"20790"	"DISTRIBUIDORA LIVERPOOL"	"DLI931201MI9"	"OTHER RETAILERS"	"MASS MARKET"	"NO BLOQUEADO"	"MXP"	"NA"	"LIVERPOOL"	23/11/17	"LIVERPOOL"	"LATAM"	"34500000"	"Y"	"90 DIAS"	"PROLONGACION VASCO DE QUIROGA"	"Fiscal"	23/11/17	"NORTH AMERICA"	"MEXICO"	"CIUDAD DE MÉXICO"	"CIUDAD DE MEXICO"	""	""	"VALIDADO"	"1050100"	"CLIENTES NACIONALES"	""	20/08/26	"NO"	"Pendiente de facturar"	12229,92	586195,14
36985	21697	26	05/08/26	28/08/26	05/08/26	"O"	05/08/26	"N"	"20790"	"DISTRIBUIDORA LIVERPOOL"	"OC: 33771895Monto: $154,054.42Vigencia: 28-ago-26"	"28719NBPC"	"HELIOCARE 360 SENSATION SENSATION SPF 50+ 50 mL"	"27179"	"HELIOCARE 360 SENSATION SPF50+ 50ML"	100	"IMPORTADO"	""	""	""	""	""	""	""	16	0	396,77	6348,32	"4000100"	"VENTAS AL 16%"	""	""	0			""	""	0	0				""	06/08/26	"20790"	"DISTRIBUIDORA LIVERPOOL"	"DLI931201MI9"	"OTHER RETAILERS"	"MASS MARKET"	"NO BLOQUEADO"	"MXP"	"NA"	"LIVERPOOL"	23/11/17	"LIVERPOOL"	"LATAM"	"34500000"	"Y"	"90 DIAS"	"PROLONGACION VASCO DE QUIROGA"	"Fiscal"	23/11/17	"NORTH AMERICA"	"MEXICO"	"CIUDAD DE MÉXICO"	"CIUDAD DE MEXICO"	""	""	"VALIDADO"	"1050100"	"CLIENTES NACIONALES"	""	20/08/26	"NO"	"Pendiente de facturar"	6348,32	586195,14
36985	21697	27	05/08/26	28/08/26	05/08/26	"O"	05/08/26	"N"	"20790"	"DISTRIBUIDORA LIVERPOOL"	"OC: 33771895Monto: $154,054.42Vigencia: 28-ago-26"	"23955PC"	"HELIOCARE 360° PEDIATRICS STICK SPF50+"	"23955"	"HELIOCARE 360° PEDIATRICS STICK SPF50+"	100	"IMPORTADO"	""	""	""	""	""	""	""	8	0	321,57	2572,56	"4000100"	"VENTAS AL 16%"	""	""	0			""	""	0	0				""	06/08/26	"20790"	"DISTRIBUIDORA LIVERPOOL"	"DLI931201MI9"	"OTHER RETAILERS"	"MASS MARKET"	"NO BLOQUEADO"	"MXP"	"NA"	"LIVERPOOL"	23/11/17	"LIVERPOOL"	"LATAM"	"34500000"	"Y"	"90 DIAS"	"PROLONGACION VASCO DE QUIROGA"	"Fiscal"	23/11/17	"NORTH AMERICA"	"MEXICO"	"CIUDAD DE MÉXICO"	"CIUDAD DE MEXICO"	""	""	"VALIDADO"	"1050100"	"CLIENTES NACIONALES"	""	20/08/26	"NO"	"Pendiente de facturar"	2572,56	586195,14
36985	21697	28	05/08/26	28/08/26	05/08/26	"O"	05/08/26	"N"	"20790"	"DISTRIBUIDORA LIVERPOOL"	"OC: 33771895Monto: $154,054.42Vigencia: 28-ago-26"	"25767NBPCF"	"HELIOCARE 360 ACNIMAT SPF 50+ 50 ML"	"25767"	"HELIOCARE 360° ACNIMAT SPF50+"	100	"IMPORTADO"	""	""	""	""	""	""	""	10	0	396,77	3967,7	"4000100"	"VENTAS AL 16%"	""	""	0			""	""	0	0				""	06/08/26	"20790"	"DISTRIBUIDORA LIVERPOOL"	"DLI931201MI9"	"OTHER RETAILERS"	"MASS MARKET"	"NO BLOQUEADO"	"MXP"	"NA"	"LIVERPOOL"	23/11/17	"LIVERPOOL"	"LATAM"	"34500000"	"Y"	"90 DIAS"	"PROLONGACION VASCO DE QUIROGA"	"Fiscal"	23/11/17	"NORTH AMERICA"	"MEXICO"	"CIUDAD DE MÉXICO"	"CIUDAD DE MEXICO"	""	""	"VALIDADO"	"1050100"	"CLIENTES NACIONALES"	""	20/08/26	"NO"	"Pendiente de facturar"	3967,7	586195,14
36985	21697	29	05/08/26	28/08/26	05/08/26	"O"	05/08/26	"N"	"20790"	"DISTRIBUIDORA LIVERPOOL"	"OC: 33771895Monto: $154,054.42Vigencia: 28-ago-26"	"26233NBPCR"	"ENDOCARE AGE BARRIER HYALUBOOST CONTORNO OJOS 15ML"	"26233"	"ENDOCARE AGE BARRIER HYALUBOOST CONTORNO OJOS 15ML"	100	"IMPORTADO"	""	""	""	""	""	""	""	5	0	451,24	2256,2	"4000100"	"VENTAS AL 16%"	""	""	0			""	""	0	0				""	06/08/26	"20790"	"DISTRIBUIDORA LIVERPOOL"	"DLI931201MI9"	"OTHER RETAILERS"	"MASS MARKET"	"NO BLOQUEADO"	"MXP"	"NA"	"LIVERPOOL"	23/11/17	"LIVERPOOL"	"LATAM"	"34500000"	"Y"	"90 DIAS"	"PROLONGACION VASCO DE QUIROGA"	"Fiscal"	23/11/17	"NORTH AMERICA"	"MEXICO"	"CIUDAD DE MÉXICO"	"CIUDAD DE MEXICO"	""	""	"VALIDADO"	"1050100"	"CLIENTES NACIONALES"	""	20/08/26	"NO"	"Pendiente de facturar"	2256,2	586195,14
36985	21697	30	05/08/26	28/08/26	05/08/26	"O"	05/08/26	"N"	"20790"	"DISTRIBUIDORA LIVERPOOL"	"OC: 33771895Monto: $154,054.42Vigencia: 28-ago-26"	"26162NBPC"	"BIRETIX DOUBLE CORRECTION SERUM 30ML"	"26162"	"BIRETIX DOUBLE CORRECTION SERUM 30ML"	100	"IMPORTADO"	""	""	""	""	""	""	""	4	0	552,38	2209,52	"4000100"	"VENTAS AL 16%"	""	""	0			""	""	0	0				""	06/08/26	"20790"	"DISTRIBUIDORA LIVERPOOL"	"DLI931201MI9"	"OTHER RETAILERS"	"MASS MARKET"	"NO BLOQUEADO"	"MXP"	"NA"	"LIVERPOOL"	23/11/17	"LIVERPOOL"	"LATAM"	"34500000"	"Y"	"90 DIAS"	"PROLONGACION VASCO DE QUIROGA"	"Fiscal"	23/11/17	"NORTH AMERICA"	"MEXICO"	"CIUDAD DE MÉXICO"	"CIUDAD DE MEXICO"	""	""	"VALIDADO"	"1050100"	"CLIENTES NACIONALES"	""	20/08/26	"NO"	"Pendiente de facturar"	2209,52	586195,14
36985	21697	31	05/08/26	28/08/26	05/08/26	"O"	05/08/26	"N"	"20790"	"DISTRIBUIDORA LIVERPOOL"	"OC: 33771895Monto: $154,054.42Vigencia: 28-ago-26"	"19615NBPC"	"BIRETIX ISOREPAIR CREAM 50 ML"	"19615"	"BIRETIX ISOREPAIR CREAM 50 ML"	100	"IMPORTADO"	""	""	""	""	""	""	""	3	0	373,43	1120,29	"4000100"	"VENTAS AL 16%"	""	""	0			""	""	0	0				""	06/08/26	"20790"	"DISTRIBUIDORA LIVERPOOL"	"DLI931201MI9"	"OTHER RETAILERS"	"MASS MARKET"	"NO BLOQUEADO"	"MXP"	"NA"	"LIVERPOOL"	23/11/17	"LIVERPOOL"	"LATAM"	"34500000"	"Y"	"90 DIAS"	"PROLONGACION VASCO DE QUIROGA"	"Fiscal"	23/11/17	"NORTH AMERICA"	"MEXICO"	"CIUDAD DE MÉXICO"	"CIUDAD DE MEXICO"	""	""	"VALIDADO"	"1050100"	"CLIENTES NACIONALES"	""	20/08/26	"NO"	"Pendiente de facturar"	1120,29	586195,14
36985	21697	32	05/08/26	28/08/26	05/08/26	"O"	05/08/26	"N"	"20790"	"DISTRIBUIDORA LIVERPOOL"	"OC: 33771895Monto: $154,054.42Vigencia: 28-ago-26"	"27691NBPC"	"ENDOCARE AGE BARRIER NIACINAL SERUM 30ML"	"27691"	"ENDOCARE AGE BARRIER NIACINAL SERUM 30ML"	100	"IMPORTADO"	""	""	""	""	""	""	""	3	0	658,7	1976,1	"4000100"	"VENTAS AL 16%"	""	""	0			""	""	0	0				""	06/08/26	"20790"	"DISTRIBUIDORA LIVERPOOL"	"DLI931201MI9"	"OTHER RETAILERS"	"MASS MARKET"	"NO BLOQUEADO"	"MXP"	"NA"	"LIVERPOOL"	23/11/17	"LIVERPOOL"	"LATAM"	"34500000"	"Y"	"90 DIAS"	"PROLONGACION VASCO DE QUIROGA"	"Fiscal"	23/11/17	"NORTH AMERICA"	"MEXICO"	"CIUDAD DE MÉXICO"	"CIUDAD DE MEXICO"	""	""	"VALIDADO"	"1050100"	"CLIENTES NACIONALES"	""	20/08/26	"NO"	"Pendiente de facturar"	1976,1	586195,14
36985	21697	33	05/08/26	28/08/26	05/08/26	"O"	05/08/26	"N"	"20790"	"DISTRIBUIDORA LIVERPOOL"	"OC: 33771895Monto: $154,054.42Vigencia: 28-ago-26"	"26237-01PCF"	"ENDOCARE AGE BARRIER HYALUBOOST GEL CREAM 50ML"	"26237"	"ENDOCARE AGE BARRIER HYALUBOOST GEL CREAM 50ML"	100	"IMPORTADO"	""	""	""	""	""	""	""	6	0	542	3252	"4000100"	"VENTAS AL 16%"	""	""	0			""	""	0	0				""	06/08/26	"20790"	"DISTRIBUIDORA LIVERPOOL"	"DLI931201MI9"	"OTHER RETAILERS"	"MASS MARKET"	"NO BLOQUEADO"	"MXP"	"NA"	"LIVERPOOL"	23/11/17	"LIVERPOOL"	"LATAM"	"34500000"	"Y"	"90 DIAS"	"PROLONGACION VASCO DE QUIROGA"	"Fiscal"	23/11/17	"NORTH AMERICA"	"MEXICO"	"CIUDAD DE MÉXICO"	"CIUDAD DE MEXICO"	""	""	"VALIDADO"	"1050100"	"CLIENTES NACIONALES"	""	20/08/26	"NO"	"Pendiente de facturar"	3252	586195,14
36985	21697	34	05/08/26	28/08/26	05/08/26	"O"	05/08/26	"N"	"20790"	"DISTRIBUIDORA LIVERPOOL"	"OC: 33771895Monto: $154,054.42Vigencia: 28-ago-26"	"30920PCF"	"HELIOCARE 360 PIGMENT COVER STICK SPF 50 BEIGE"	"30920"	"HELIOCARE 360 PIGMENT COVER STICK SPF 50 BEIGE"	100	"IMPORTADO"	""	""	""	""	""	""	""	11	0	342,48	3767,28	"4000100"	"VENTAS AL 16%"	""	""	0			""	""	0	0				""	06/08/26	"20790"	"DISTRIBUIDORA LIVERPOOL"	"DLI931201MI9"	"OTHER RETAILERS"	"MASS MARKET"	"NO BLOQUEADO"	"MXP"	"NA"	"LIVERPOOL"	23/11/17	"LIVERPOOL"	"LATAM"	"34500000"	"Y"	"90 DIAS"	"PROLONGACION VASCO DE QUIROGA"	"Fiscal"	23/11/17	"NORTH AMERICA"	"MEXICO"	"CIUDAD DE MÉXICO"	"CIUDAD DE MEXICO"	""	""	"VALIDADO"	"1050100"	"CLIENTES NACIONALES"	""	20/08/26	"NO"	"Pendiente de facturar"	3767,28	586195,14
36985	21697	35	05/08/26	28/08/26	05/08/26	"O"	05/08/26	"N"	"20790"	"DISTRIBUIDORA LIVERPOOL"	"OC: 33771895Monto: $154,054.42Vigencia: 28-ago-26"	"24267MXNBPCF"	"HELIOCARE 360° MATTIFYING  BRUSH SPF50 3G"	"24267MX"	"HELIOCARE 360° MATTIFYING BRUSH SPF50 3G"	100	"IMPORTADO"	""	""	""	""	""	""	""	20	0	363,06	7261,2	"4000100"	"VENTAS AL 16%"	""	""	0			""	""	0	0				""	06/08/26	"20790"	"DISTRIBUIDORA LIVERPOOL"	"DLI931201MI9"	"OTHER RETAILERS"	"MASS MARKET"	"NO BLOQUEADO"	"MXP"	"NA"	"LIVERPOOL"	23/11/17	"LIVERPOOL"	"LATAM"	"34500000"	"Y"	"90 DIAS"	"PROLONGACION VASCO DE QUIROGA"	"Fiscal"	23/11/17	"NORTH AMERICA"	"MEXICO"	"CIUDAD DE MÉXICO"	"CIUDAD DE MEXICO"	""	""	"VALIDADO"	"1050100"	"CLIENTES NACIONALES"	""	20/08/26	"NO"	"Pendiente de facturar"	7261,2	586195,14
37055	21750	0	10/08/26	28/08/26	10/08/26	"O"	10/08/26	"N"	"20790"	"DISTRIBUIDORA LIVERPOOL"	"OC: 33780392Monto: $268,419.95Vigencia: 28-ago-26"	"24296MX"	"ENDOCARE TENSAGE CREMA 30ML"	"24296MX"	"ENDOCARE TENSAGE CREMA 30ML"	120	"COMERCIAL"	""	""	""	""	""	""	""	24	24	682,04	16368,96	"4000100"	"VENTAS AL 16%"	""	""	0			""	""	0	0				""	10/08/26	"20790"	"DISTRIBUIDORA LIVERPOOL"	"DLI931201MI9"	"OTHER RETAILERS"	"MASS MARKET"	"NO BLOQUEADO"	"MXP"	"NA"	"LIVERPOOL"	23/11/17	"LIVERPOOL"	"LATAM"	"34500000"	"Y"	"90 DIAS"	"PROLONGACION VASCO DE QUIROGA"	"Fiscal"	23/11/17	"NORTH AMERICA"	"MEXICO"	"CIUDAD DE MÉXICO"	"CIUDAD DE MEXICO"	""	""	"VALIDADO"	"1050100"	"CLIENTES NACIONALES"	""	20/08/26	"NO"	"Pendiente de facturar"	16368,96	586195,14
37055	21750	1	10/08/26	28/08/26	10/08/26	"O"	10/08/26	"N"	"20790"	"DISTRIBUIDORA LIVERPOOL"	"OC: 33780392Monto: $268,419.95Vigencia: 28-ago-26"	"24312MX"	"ENDOCARE TENSAGE CONTORNO DE OJOS 15ML"	"24312MX"	"ENDOCARE TENSAGE CONTORNO DE OJOS 15ML"	120	"COMERCIAL"	""	""	""	""	""	""	""	28	28	653,52	18298,56	"4000100"	"VENTAS AL 16%"	""	""	0			""	""	0	0				""	10/08/26	"20790"	"DISTRIBUIDORA LIVERPOOL"	"DLI931201MI9"	"OTHER RETAILERS"	"MASS MARKET"	"NO BLOQUEADO"	"MXP"	"NA"	"LIVERPOOL"	23/11/17	"LIVERPOOL"	"LATAM"	"34500000"	"Y"	"90 DIAS"	"PROLONGACION VASCO DE QUIROGA"	"Fiscal"	23/11/17	"NORTH AMERICA"	"MEXICO"	"CIUDAD DE MÉXICO"	"CIUDAD DE MEXICO"	""	""	"VALIDADO"	"1050100"	"CLIENTES NACIONALES"	""	20/08/26	"NO"	"Pendiente de facturar"	18298,56	586195,14
37055	21750	2	10/08/26	28/08/26	10/08/26	"O"	10/08/26	"N"	"20790"	"DISTRIBUIDORA LIVERPOOL"	"OC: 33780392Monto: $268,419.95Vigencia: 28-ago-26"	"23627-110PC"	"IRALTONE FORTE 60 CAPSULAS"	"9729M3"	"IRALTONE FORTE BLISTER 15 CAPS."	100	"IMPORTADO"	""	""	""	""	""	""	""	1	1	604,25	604,25	"4000100"	"VENTAS AL 16%"	""	""	0			""	""	0	0				""	10/08/26	"20790"	"DISTRIBUIDORA LIVERPOOL"	"DLI931201MI9"	"OTHER RETAILERS"	"MASS MARKET"	"NO BLOQUEADO"	"MXP"	"NA"	"LIVERPOOL"	23/11/17	"LIVERPOOL"	"LATAM"	"34500000"	"Y"	"90 DIAS"	"PROLONGACION VASCO DE QUIROGA"	"Fiscal"	23/11/17	"NORTH AMERICA"	"MEXICO"	"CIUDAD DE MÉXICO"	"CIUDAD DE MEXICO"	""	""	"VALIDADO"	"1050100"	"CLIENTES NACIONALES"	""	20/08/26	"NO"	"Pendiente de facturar"	604,25	586195,14
37055	21750	3	10/08/26	28/08/26	10/08/26	"O"	10/08/26	"N"	"20790"	"DISTRIBUIDORA LIVERPOOL"	"OC: 33780392Monto: $268,419.95Vigencia: 28-ago-26"	"10564-02PC"	"NEORETIN DC SERUM FLUID 30ML"	"10564-02PC"	"NEORETIN DC SERUM FLUID 30ML"	120	"COMERCIAL"	""	""	""	""	""	""	""	3	3	542	1626	"4000100"	"VENTAS AL 16%"	""	""	0			""	""	0	0				""	10/08/26	"20790"	"DISTRIBUIDORA LIVERPOOL"	"DLI931201MI9"	"OTHER RETAILERS"	"MASS MARKET"	"NO BLOQUEADO"	"MXP"	"NA"	"LIVERPOOL"	23/11/17	"LIVERPOOL"	"LATAM"	"34500000"	"Y"	"90 DIAS"	"PROLONGACION VASCO DE QUIROGA"	"Fiscal"	23/11/17	"NORTH AMERICA"	"MEXICO"	"CIUDAD DE MÉXICO"	"CIUDAD DE MEXICO"	""	""	"VALIDADO"	"1050100"	"CLIENTES NACIONALES"	""	20/08/26	"NO"	"Pendiente de facturar"	1626	586195,14
37055	21750	4	10/08/26	28/08/26	10/08/26	"O"	10/08/26	"N"	"20790"	"DISTRIBUIDORA LIVERPOOL"	"OC: 33780392Monto: $268,419.95Vigencia: 28-ago-26"	"11685MX-01"	"HELIOCARE 360° GEL OIL-FREE 50ML"	"11685"	"HELIOCARE 360° GEL OIL-FREE 50ML"	100	"IMPORTADO"	""	""	""	""	""	""	""	53	53	394,19	20892,07	"4000100"	"VENTAS AL 16%"	""	""	0			""	""	0	0				""	10/08/26	"20790"	"DISTRIBUIDORA LIVERPOOL"	"DLI931201MI9"	"OTHER RETAILERS"	"MASS MARKET"	"NO BLOQUEADO"	"MXP"	"NA"	"LIVERPOOL"	23/11/17	"LIVERPOOL"	"LATAM"	"34500000"	"Y"	"90 DIAS"	"PROLONGACION VASCO DE QUIROGA"	"Fiscal"	23/11/17	"NORTH AMERICA"	"MEXICO"	"CIUDAD DE MÉXICO"	"CIUDAD DE MEXICO"	""	""	"VALIDADO"	"1050100"	"CLIENTES NACIONALES"	""	20/08/26	"NO"	"Pendiente de facturar"	20892,07	586195,14
37055	21750	5	10/08/26	28/08/26	10/08/26	"O"	10/08/26	"N"	"20790"	"DISTRIBUIDORA LIVERPOOL"	"OC: 33780392Monto: $268,419.95Vigencia: 28-ago-26"	"12065-01PC"	"HELIOCARE 360° AIRGEL 200ML"	"12065"	"HELIOCARE 360° AIRGEL 200ML"	100	"IMPORTADO"	""	""	""	""	""	""	""	3	3	417,53	1252,59	"4000100"	"VENTAS AL 16%"	""	""	0			""	""	0	0				""	10/08/26	"20790"	"DISTRIBUIDORA LIVERPOOL"	"DLI931201MI9"	"OTHER RETAILERS"	"MASS MARKET"	"NO BLOQUEADO"	"MXP"	"NA"	"LIVERPOOL"	23/11/17	"LIVERPOOL"	"LATAM"	"34500000"	"Y"	"90 DIAS"	"PROLONGACION VASCO DE QUIROGA"	"Fiscal"	23/11/17	"NORTH AMERICA"	"MEXICO"	"CIUDAD DE MÉXICO"	"CIUDAD DE MEXICO"	""	""	"VALIDADO"	"1050100"	"CLIENTES NACIONALES"	""	20/08/26	"NO"	"Pendiente de facturar"	1252,59	586195,14
37055	21750	6	10/08/26	28/08/26	10/08/26	"O"	10/08/26	"N"	"20790"	"DISTRIBUIDORA LIVERPOOL"	"OC: 33780392Monto: $268,419.95Vigencia: 28-ago-26"	"27715PC"	"HELIOCARE 360° ADVANCED GEL SPF50+"	"27715"	"HELIOCARE 360° ADVANCED GEL SPF50+"	100	"IMPORTADO"	""	""	""	""	""	""	""	7	7	414,93	2904,51	"4000100"	"VENTAS AL 16%"	""	""	0			""	""	0	0				""	10/08/26	"20790"	"DISTRIBUIDORA LIVERPOOL"	"DLI931201MI9"	"OTHER RETAILERS"	"MASS MARKET"	"NO BLOQUEADO"	"MXP"	"NA"	"LIVERPOOL"	23/11/17	"LIVERPOOL"	"LATAM"	"34500000"	"Y"	"90 DIAS"	"PROLONGACION VASCO DE QUIROGA"	"Fiscal"	23/11/17	"NORTH AMERICA"	"MEXICO"	"CIUDAD DE MÉXICO"	"CIUDAD DE MEXICO"	""	""	"VALIDADO"	"1050100"	"CLIENTES NACIONALES"	""	20/08/26	"NO"	"Pendiente de facturar"	2904,51	586195,14
37055	21750	7	10/08/26	28/08/26	10/08/26	"O"	10/08/26	"N"	"20790"	"DISTRIBUIDORA LIVERPOOL"	"OC: 33780392Monto: $268,419.95Vigencia: 28-ago-26"	"23622.30MX"	"HELIOCARE 360° ORAL 30 CÁPS."	"12403MX"	"HELIOCARE 360° ORAL 30 CÁPS."	124	"SUP. ALIM."	""	""	""	""	""	""	""	18	18	459,02	8262,36	"4000100"	"VENTAS AL 16%"	""	""	0			""	""	0	0				""	10/08/26	"20790"	"DISTRIBUIDORA LIVERPOOL"	"DLI931201MI9"	"OTHER RETAILERS"	"MASS MARKET"	"NO BLOQUEADO"	"MXP"	"NA"	"LIVERPOOL"	23/11/17	"LIVERPOOL"	"LATAM"	"34500000"	"Y"	"90 DIAS"	"PROLONGACION VASCO DE QUIROGA"	"Fiscal"	23/11/17	"NORTH AMERICA"	"MEXICO"	"CIUDAD DE MÉXICO"	"CIUDAD DE MEXICO"	""	""	"VALIDADO"	"1050100"	"CLIENTES NACIONALES"	""	20/08/26	"NO"	"Pendiente de facturar"	8262,36	586195,14
37055	21750	8	10/08/26	28/08/26	10/08/26	"O"	10/08/26	"N"	"20790"	"DISTRIBUIDORA LIVERPOOL"	"OC: 33780392Monto: $268,419.95Vigencia: 28-ago-26"	"14557MX-01"	"HELIOCARE 360° COLOR GEL OIL-FREE BEIGE 50ML"	"14557"	"HELIOCARE 360° COLOR GEL OIL-FREE BEIGE 50ML"	100	"IMPORTADO"	""	""	""	""	""	""	""	97	97	394,19	38236,43	"4000100"	"VENTAS AL 16%"	""	""	0			""	""	0	0				""	10/08/26	"20790"	"DISTRIBUIDORA LIVERPOOL"	"DLI931201MI9"	"OTHER RETAILERS"	"MASS MARKET"	"NO BLOQUEADO"	"MXP"	"NA"	"LIVERPOOL"	23/11/17	"LIVERPOOL"	"LATAM"	"34500000"	"Y"	"90 DIAS"	"PROLONGACION VASCO DE QUIROGA"	"Fiscal"	23/11/17	"NORTH AMERICA"	"MEXICO"	"CIUDAD DE MÉXICO"	"CIUDAD DE MEXICO"	""	""	"VALIDADO"	"1050100"	"CLIENTES NACIONALES"	""	20/08/26	"NO"	"Pendiente de facturar"	38236,43	586195,14
37055	21750	9	10/08/26	28/08/26	10/08/26	"O"	10/08/26	"N"	"20790"	"DISTRIBUIDORA LIVERPOOL"	"OC: 33780392Monto: $268,419.95Vigencia: 28-ago-26"	"14556-01PC"	"HELIOCARE 360° COLOR GEL OIL-FREE BRONZE 50ML"	"14556-01PC"	"HELIOCARE 360° COLOR GEL OIL-FREE BRONZE 50ML"	120	"COMERCIAL"	""	""	""	""	""	""	""	7	7	394,19	2759,33	"4000100"	"VENTAS AL 16%"	""	""	0			""	""	0	0				""	10/08/26	"20790"	"DISTRIBUIDORA LIVERPOOL"	"DLI931201MI9"	"OTHER RETAILERS"	"MASS MARKET"	"NO BLOQUEADO"	"MXP"	"NA"	"LIVERPOOL"	23/11/17	"LIVERPOOL"	"LATAM"	"34500000"	"Y"	"90 DIAS"	"PROLONGACION VASCO DE QUIROGA"	"Fiscal"	23/11/17	"NORTH AMERICA"	"MEXICO"	"CIUDAD DE MÉXICO"	"CIUDAD DE MEXICO"	""	""	"VALIDADO"	"1050100"	"CLIENTES NACIONALES"	""	20/08/26	"NO"	"Pendiente de facturar"	2759,33	586195,14
37055	21750	10	10/08/26	28/08/26	10/08/26	"O"	10/08/26	"N"	"20790"	"DISTRIBUIDORA LIVERPOOL"	"OC: 33780392Monto: $268,419.95Vigencia: 28-ago-26"	"16979MX"	"BIRETIX BARRA 80 G."	"16979"	"BIRETIX BARRA 80 G."	100	"IMPORTADO"	""	""	""	""	""	""	""	44	44	101,26	4455,44	"4000100"	"VENTAS AL 16%"	""	""	0			""	""	0	0				""	10/08/26	"20790"	"DISTRIBUIDORA LIVERPOOL"	"DLI931201MI9"	"OTHER RETAILERS"	"MASS MARKET"	"NO BLOQUEADO"	"MXP"	"NA"	"LIVERPOOL"	23/11/17	"LIVERPOOL"	"LATAM"	"34500000"	"Y"	"90 DIAS"	"PROLONGACION VASCO DE QUIROGA"	"Fiscal"	23/11/17	"NORTH AMERICA"	"MEXICO"	"CIUDAD DE MÉXICO"	"CIUDAD DE MEXICO"	""	""	"VALIDADO"	"1050100"	"CLIENTES NACIONALES"	""	20/08/26	"NO"	"Pendiente de facturar"	4455,44	586195,14
37055	21750	11	10/08/26	28/08/26	10/08/26	"O"	10/08/26	"N"	"20790"	"DISTRIBUIDORA LIVERPOOL"	"OC: 33780392Monto: $268,419.95Vigencia: 28-ago-26"	"17260.400PC"	"ENDOCARE HYDRACTIVE AGUA MICELAR 400ML"	"17260.400"	"ENDOCARE HYDRACTIVE AGUA MICELAR 400ML"	100	"IMPORTADO"	""	""	""	""	""	""	""	2	2	329,35	658,7	"4000100"	"VENTAS AL 16%"	""	""	0			""	""	0	0				""	10/08/26	"20790"	"DISTRIBUIDORA LIVERPOOL"	"DLI931201MI9"	"OTHER RETAILERS"	"MASS MARKET"	"NO BLOQUEADO"	"MXP"	"NA"	"LIVERPOOL"	23/11/17	"LIVERPOOL"	"LATAM"	"34500000"	"Y"	"90 DIAS"	"PROLONGACION VASCO DE QUIROGA"	"Fiscal"	23/11/17	"NORTH AMERICA"	"MEXICO"	"CIUDAD DE MÉXICO"	"CIUDAD DE MEXICO"	""	""	"VALIDADO"	"1050100"	"CLIENTES NACIONALES"	""	20/08/26	"NO"	"Pendiente de facturar"	658,7	586195,14
37055	21750	12	10/08/26	28/08/26	10/08/26	"O"	10/08/26	"N"	"20790"	"DISTRIBUIDORA LIVERPOOL"	"OC: 33780392Monto: $268,419.95Vigencia: 28-ago-26"	"17270PC"	"BIRETIX TRIACTIVE SPRAY 100ML"	"17270"	"BIRETIX TRIACTIVE SPRAY 100ML"	100	"IMPORTADO"	""	""	""	""	""	""	""	1	1	513,47	513,47	"4000100"	"VENTAS AL 16%"	""	""	0			""	""	0	0				""	10/08/26	"20790"	"DISTRIBUIDORA LIVERPOOL"	"DLI931201MI9"	"OTHER RETAILERS"	"MASS MARKET"	"NO BLOQUEADO"	"MXP"	"NA"	"LIVERPOOL"	23/11/17	"LIVERPOOL"	"LATAM"	"34500000"	"Y"	"90 DIAS"	"PROLONGACION VASCO DE QUIROGA"	"Fiscal"	23/11/17	"NORTH AMERICA"	"MEXICO"	"CIUDAD DE MÉXICO"	"CIUDAD DE MEXICO"	""	""	"VALIDADO"	"1050100"	"CLIENTES NACIONALES"	""	20/08/26	"NO"	"Pendiente de facturar"	513,47	586195,14
37055	21750	13	10/08/26	28/08/26	10/08/26	"O"	10/08/26	"N"	"20790"	"DISTRIBUIDORA LIVERPOOL"	"OC: 33780392Monto: $268,419.95Vigencia: 28-ago-26"	"15930-03PC"	"HELIOCARE 360° WATER GEL 50ML"	"15930"	"HELIOCARE 360° WATER GEL 50ML"	100	"IMPORTADO"	""	""	""	""	""	""	""	44	44	394,19	17344,36	"4000100"	"VENTAS AL 16%"	""	""	0			""	""	0	0				""	10/08/26	"20790"	"DISTRIBUIDORA LIVERPOOL"	"DLI931201MI9"	"OTHER RETAILERS"	"MASS MARKET"	"NO BLOQUEADO"	"MXP"	"NA"	"LIVERPOOL"	23/11/17	"LIVERPOOL"	"LATAM"	"34500000"	"Y"	"90 DIAS"	"PROLONGACION VASCO DE QUIROGA"	"Fiscal"	23/11/17	"NORTH AMERICA"	"MEXICO"	"CIUDAD DE MÉXICO"	"CIUDAD DE MEXICO"	""	""	"VALIDADO"	"1050100"	"CLIENTES NACIONALES"	""	20/08/26	"NO"	"Pendiente de facturar"	17344,36	586195,14
37055	21750	14	10/08/26	28/08/26	10/08/26	"O"	10/08/26	"N"	"20790"	"DISTRIBUIDORA LIVERPOOL"	"OC: 33780392Monto: $268,419.95Vigencia: 28-ago-26"	"18171MX-03"	"HELIOCARE 360° PIGMENT SOLUTION FLUID 50ML"	"18171"	"HELIOCARE 360° PIGMENT SOLUTION FLUID 50ML"	100	"IMPORTADO"	""	""	""	""	""	""	""	139	139	417,53	58036,67	"4000100"	"VENTAS AL 16%"	""	""	0			""	""	0	0				""	10/08/26	"20790"	"DISTRIBUIDORA LIVERPOOL"	"DLI931201MI9"	"OTHER RETAILERS"	"MASS MARKET"	"NO BLOQUEADO"	"MXP"	"NA"	"LIVERPOOL"	23/11/17	"LIVERPOOL"	"LATAM"	"34500000"	"Y"	"90 DIAS"	"PROLONGACION VASCO DE QUIROGA"	"Fiscal"	23/11/17	"NORTH AMERICA"	"MEXICO"	"CIUDAD DE MÉXICO"	"CIUDAD DE MEXICO"	""	""	"VALIDADO"	"1050100"	"CLIENTES NACIONALES"	""	20/08/26	"NO"	"Pendiente de facturar"	58036,67	586195,14
37055	21750	15	10/08/26	28/08/26	10/08/26	"O"	10/08/26	"N"	"20790"	"DISTRIBUIDORA LIVERPOOL"	"OC: 33780392Monto: $268,419.95Vigencia: 28-ago-26"	"12572.200PC"	"BIRETIX CLEANSER 200 ML"	"12572.200"	"BIRETIX CLEANSER 200 ML"	100	"IMPORTADO"	""	""	""	""	""	""	""	2	2	280,08	560,16	"4000100"	"VENTAS AL 16%"	""	""	0			""	""	0	0				""	10/08/26	"20790"	"DISTRIBUIDORA LIVERPOOL"	"DLI931201MI9"	"OTHER RETAILERS"	"MASS MARKET"	"NO BLOQUEADO"	"MXP"	"NA"	"LIVERPOOL"	23/11/17	"LIVERPOOL"	"LATAM"	"34500000"	"Y"	"90 DIAS"	"PROLONGACION VASCO DE QUIROGA"	"Fiscal"	23/11/17	"NORTH AMERICA"	"MEXICO"	"CIUDAD DE MÉXICO"	"CIUDAD DE MEXICO"	""	""	"VALIDADO"	"1050100"	"CLIENTES NACIONALES"	""	20/08/26	"NO"	"Pendiente de facturar"	560,16	586195,14
37055	21750	16	10/08/26	28/08/26	10/08/26	"O"	10/08/26	"N"	"20790"	"DISTRIBUIDORA LIVERPOOL"	"OC: 33780392Monto: $268,419.95Vigencia: 28-ago-26"	"19494PC"	"NEOR DC ULTRA EMULSION DESPIG 30 ML"	"19494"	"NEOR DC ULTRA EMULSION DESPIG 30 ML"	100	"IMPORTADO"	""	""	""	""	""	""	""	1	1	614,62	614,62	"4000100"	"VENTAS AL 16%"	""	""	0			""	""	0	0				""	10/08/26	"20790"	"DISTRIBUIDORA LIVERPOOL"	"DLI931201MI9"	"OTHER RETAILERS"	"MASS MARKET"	"NO BLOQUEADO"	"MXP"	"NA"	"LIVERPOOL"	23/11/17	"LIVERPOOL"	"LATAM"	"34500000"	"Y"	"90 DIAS"	"PROLONGACION VASCO DE QUIROGA"	"Fiscal"	23/11/17	"NORTH AMERICA"	"MEXICO"	"CIUDAD DE MÉXICO"	"CIUDAD DE MEXICO"	""	""	"VALIDADO"	"1050100"	"CLIENTES NACIONALES"	""	20/08/26	"NO"	"Pendiente de facturar"	614,62	586195,14
37055	21750	17	10/08/26	28/08/26	10/08/26	"O"	10/08/26	"N"	"20790"	"DISTRIBUIDORA LIVERPOOL"	"OC: 33780392Monto: $268,419.95Vigencia: 28-ago-26"	"20964PC"	"ENDOCARE TENSAGE ALTA POTENCIA SERUM 30 ML"	"20964"	"ENDOCARE TENSAGE ALTA POTENCIA SERUM 30 ML"	100	"IMPORTADO"	""	""	""	""	""	""	""	2	2	695,01	1390,02	"4000100"	"VENTAS AL 16%"	""	""	0			""	""	0	0				""	10/08/26	"20790"	"DISTRIBUIDORA LIVERPOOL"	"DLI931201MI9"	"OTHER RETAILERS"	"MASS MARKET"	"NO BLOQUEADO"	"MXP"	"NA"	"LIVERPOOL"	23/11/17	"LIVERPOOL"	"LATAM"	"34500000"	"Y"	"90 DIAS"	"PROLONGACION VASCO DE QUIROGA"	"Fiscal"	23/11/17	"NORTH AMERICA"	"MEXICO"	"CIUDAD DE MÉXICO"	"CIUDAD DE MEXICO"	""	""	"VALIDADO"	"1050100"	"CLIENTES NACIONALES"	""	20/08/26	"NO"	"Pendiente de facturar"	1390,02	586195,14
37055	21750	18	10/08/26	28/08/26	10/08/26	"O"	10/08/26	"N"	"20790"	"DISTRIBUIDORA LIVERPOOL"	"OC: 33780392Monto: $268,419.95Vigencia: 28-ago-26"	"18174-03PCF"	"HELIOCARE 360º AGE ACTIVE FLUID 50ML"	"18174"	"HELIO 360º AGE ACTIVE FLUID SPF50+ 50ML"	100	"IMPORTADO"	""	""	""	""	""	""	""	9	9	417,53	3757,77	"4000100"	"VENTAS AL 16%"	""	""	0			""	""	0	0				""	10/08/26	"20790"	"DISTRIBUIDORA LIVERPOOL"	"DLI931201MI9"	"OTHER RETAILERS"	"MASS MARKET"	"NO BLOQUEADO"	"MXP"	"NA"	"LIVERPOOL"	23/11/17	"LIVERPOOL"	"LATAM"	"34500000"	"Y"	"90 DIAS"	"PROLONGACION VASCO DE QUIROGA"	"Fiscal"	23/11/17	"NORTH AMERICA"	"MEXICO"	"CIUDAD DE MÉXICO"	"CIUDAD DE MEXICO"	""	""	"VALIDADO"	"1050100"	"CLIENTES NACIONALES"	""	20/08/26	"NO"	"Pendiente de facturar"	3757,77	586195,14
37055	21750	19	10/08/26	28/08/26	10/08/26	"O"	10/08/26	"N"	"20790"	"DISTRIBUIDORA LIVERPOOL"	"OC: 33780392Monto: $268,419.95Vigencia: 28-ago-26"	"19679-02PCF"	"HELIOCARE 360° WATER GEL COLOR BEIGE 50 ML"	"19679"	"HELIOCARE 360° WATER GEL COLOR BEIGE 50 ML"	100	"IMPORTADO"	""	""	""	""	""	""	""	9	9	394,19	3547,71	"4000100"	"VENTAS AL 16%"	""	""	0			""	""	0	0				""	10/08/26	"20790"	"DISTRIBUIDORA LIVERPOOL"	"DLI931201MI9"	"OTHER RETAILERS"	"MASS MARKET"	"NO BLOQUEADO"	"MXP"	"NA"	"LIVERPOOL"	23/11/17	"LIVERPOOL"	"LATAM"	"34500000"	"Y"	"90 DIAS"	"PROLONGACION VASCO DE QUIROGA"	"Fiscal"	23/11/17	"NORTH AMERICA"	"MEXICO"	"CIUDAD DE MÉXICO"	"CIUDAD DE MEXICO"	""	""	"VALIDADO"	"1050100"	"CLIENTES NACIONALES"	""	20/08/26	"NO"	"Pendiente de facturar"	3547,71	586195,14
37055	21750	20	10/08/26	28/08/26	10/08/26	"O"	10/08/26	"N"	"20790"	"DISTRIBUIDORA LIVERPOOL"	"OC: 33780392Monto: $268,419.95Vigencia: 28-ago-26"	"17766PC"	"ENDOCARE RADIANCE CONTORNO OJOS ANTIOJERAS 15 ML"	"17766"	"ENDOCARE RADIANCE EDAFENCE CONTORNO OJOS 15 ML"	100	"IMPORTADO"	""	""	""	""	""	""	""	12	12	650,92	7811,04	"4000100"	"VENTAS AL 16%"	""	""	0			""	""	0	0				""	10/08/26	"20790"	"DISTRIBUIDORA LIVERPOOL"	"DLI931201MI9"	"OTHER RETAILERS"	"MASS MARKET"	"NO BLOQUEADO"	"MXP"	"NA"	"LIVERPOOL"	23/11/17	"LIVERPOOL"	"LATAM"	"34500000"	"Y"	"90 DIAS"	"PROLONGACION VASCO DE QUIROGA"	"Fiscal"	23/11/17	"NORTH AMERICA"	"MEXICO"	"CIUDAD DE MÉXICO"	"CIUDAD DE MEXICO"	""	""	"VALIDADO"	"1050100"	"CLIENTES NACIONALES"	""	20/08/26	"NO"	"Pendiente de facturar"	7811,04	586195,14
37055	21750	21	10/08/26	28/08/26	10/08/26	"O"	10/08/26	"N"	"20790"	"DISTRIBUIDORA LIVERPOOL"	"OC: 33780392Monto: $268,419.95Vigencia: 28-ago-26"	"15995NBPC"	"HELIOCARE 360º INVISIBLE SPRAY SPF50+ 200ML"	"15995"	"HELIOCARE 360° INVISIBLE SPRAY 200ML"	100	"IMPORTADO"	""	""	""	""	""	""	""	1	1	417,53	417,53	"4000100"	"VENTAS AL 16%"	""	""	0			""	""	0	0				""	10/08/26	"20790"	"DISTRIBUIDORA LIVERPOOL"	"DLI931201MI9"	"OTHER RETAILERS"	"MASS MARKET"	"NO BLOQUEADO"	"MXP"	"NA"	"LIVERPOOL"	23/11/17	"LIVERPOOL"	"LATAM"	"34500000"	"Y"	"90 DIAS"	"PROLONGACION VASCO DE QUIROGA"	"Fiscal"	23/11/17	"NORTH AMERICA"	"MEXICO"	"CIUDAD DE MÉXICO"	"CIUDAD DE MEXICO"	""	""	"VALIDADO"	"1050100"	"CLIENTES NACIONALES"	""	20/08/26	"NO"	"Pendiente de facturar"	417,53	586195,14
37055	21750	22	10/08/26	28/08/26	10/08/26	"O"	10/08/26	"N"	"20790"	"DISTRIBUIDORA LIVERPOOL"	"OC: 33780392Monto: $268,419.95Vigencia: 28-ago-26"	"20261-01PC"	"HELIOCARE 360º SPORT TRANSPARENT STICK 25 GR"	"20261"	"HELIOCARE 360º SPORT TRANSPARENT STICK"	100	"IMPORTADO"	""	""	""	""	""	""	""	36	36	321,57	11576,52	"4000100"	"VENTAS AL 16%"	""	""	0			""	""	0	0				""	10/08/26	"20790"	"DISTRIBUIDORA LIVERPOOL"	"DLI931201MI9"	"OTHER RETAILERS"	"MASS MARKET"	"NO BLOQUEADO"	"MXP"	"NA"	"LIVERPOOL"	23/11/17	"LIVERPOOL"	"LATAM"	"34500000"	"Y"	"90 DIAS"	"PROLONGACION VASCO DE QUIROGA"	"Fiscal"	23/11/17	"NORTH AMERICA"	"MEXICO"	"CIUDAD DE MÉXICO"	"CIUDAD DE MEXICO"	""	""	"VALIDADO"	"1050100"	"CLIENTES NACIONALES"	""	20/08/26	"NO"	"Pendiente de facturar"	11576,52	586195,14
37055	21750	23	10/08/26	28/08/26	10/08/26	"O"	10/08/26	"N"	"20790"	"DISTRIBUIDORA LIVERPOOL"	"OC: 33780392Monto: $268,419.95Vigencia: 28-ago-26"	"22749-02PCF"	"ENDOCARE AGE BARRIER HYALUBOOST SERUM 30 ML"	"22749"	"ENDOCARE HYALUBOOST AGE BARRIER SERUM 30 ML"	100	"IMPORTADO"	""	""	""	""	""	""	""	1	1	562,75	562,75	"4000100"	"VENTAS AL 16%"	""	""	0			""	""	0	0				""	10/08/26	"20790"	"DISTRIBUIDORA LIVERPOOL"	"DLI931201MI9"	"OTHER RETAILERS"	"MASS MARKET"	"NO BLOQUEADO"	"MXP"	"NA"	"LIVERPOOL"	23/11/17	"LIVERPOOL"	"LATAM"	"34500000"	"Y"	"90 DIAS"	"PROLONGACION VASCO DE QUIROGA"	"Fiscal"	23/11/17	"NORTH AMERICA"	"MEXICO"	"CIUDAD DE MÉXICO"	"CIUDAD DE MEXICO"	""	""	"VALIDADO"	"1050100"	"CLIENTES NACIONALES"	""	20/08/26	"NO"	"Pendiente de facturar"	562,75	586195,14
37055	21750	25	10/08/26	28/08/26	10/08/26	"O"	10/08/26	"N"	"20790"	"DISTRIBUIDORA LIVERPOOL"	"OC: 33780392Monto: $268,419.95Vigencia: 28-ago-26"	"21353PC"	"ENDOCARE RENEWAL CONTORNO DE OJOS 15 ML"	"21353"	"ENDO RENEWAL CONTORNO DE OJOS 15 ML"	100	"IMPORTADO"	""	""	""	""	""	""	""	2	2	656,11	1312,22	"4000100"	"VENTAS AL 16%"	""	""	0			""	""	0	0				""	10/08/26	"20790"	"DISTRIBUIDORA LIVERPOOL"	"DLI931201MI9"	"OTHER RETAILERS"	"MASS MARKET"	"NO BLOQUEADO"	"MXP"	"NA"	"LIVERPOOL"	23/11/17	"LIVERPOOL"	"LATAM"	"34500000"	"Y"	"90 DIAS"	"PROLONGACION VASCO DE QUIROGA"	"Fiscal"	23/11/17	"NORTH AMERICA"	"MEXICO"	"CIUDAD DE MÉXICO"	"CIUDAD DE MEXICO"	""	""	"VALIDADO"	"1050100"	"CLIENTES NACIONALES"	""	20/08/26	"NO"	"Pendiente de facturar"	1312,22	586195,14
37055	21750	26	10/08/26	28/08/26	10/08/26	"O"	10/08/26	"N"	"20790"	"DISTRIBUIDORA LIVERPOOL"	"OC: 33780392Monto: $268,419.95Vigencia: 28-ago-26"	"28719NBPC"	"HELIOCARE 360 SENSATION SENSATION SPF 50+ 50 mL"	"27179"	"HELIOCARE 360 SENSATION SPF50+ 50ML"	100	"IMPORTADO"	""	""	""	""	""	""	""	30	30	396,77	11903,1	"4000100"	"VENTAS AL 16%"	""	""	0			""	""	0	0				""	10/08/26	"20790"	"DISTRIBUIDORA LIVERPOOL"	"DLI931201MI9"	"OTHER RETAILERS"	"MASS MARKET"	"NO BLOQUEADO"	"MXP"	"NA"	"LIVERPOOL"	23/11/17	"LIVERPOOL"	"LATAM"	"34500000"	"Y"	"90 DIAS"	"PROLONGACION VASCO DE QUIROGA"	"Fiscal"	23/11/17	"NORTH AMERICA"	"MEXICO"	"CIUDAD DE MÉXICO"	"CIUDAD DE MEXICO"	""	""	"VALIDADO"	"1050100"	"CLIENTES NACIONALES"	""	20/08/26	"NO"	"Pendiente de facturar"	11903,1	586195,14
37055	21750	27	10/08/26	28/08/26	10/08/26	"O"	10/08/26	"N"	"20790"	"DISTRIBUIDORA LIVERPOOL"	"OC: 33780392Monto: $268,419.95Vigencia: 28-ago-26"	"23955PC"	"HELIOCARE 360° PEDIATRICS STICK SPF50+"	"23955"	"HELIOCARE 360° PEDIATRICS STICK SPF50+"	100	"IMPORTADO"	""	""	""	""	""	""	""	20	20	321,57	6431,4	"4000100"	"VENTAS AL 16%"	""	""	0			""	""	0	0				""	10/08/26	"20790"	"DISTRIBUIDORA LIVERPOOL"	"DLI931201MI9"	"OTHER RETAILERS"	"MASS MARKET"	"NO BLOQUEADO"	"MXP"	"NA"	"LIVERPOOL"	23/11/17	"LIVERPOOL"	"LATAM"	"34500000"	"Y"	"90 DIAS"	"PROLONGACION VASCO DE QUIROGA"	"Fiscal"	23/11/17	"NORTH AMERICA"	"MEXICO"	"CIUDAD DE MÉXICO"	"CIUDAD DE MEXICO"	""	""	"VALIDADO"	"1050100"	"CLIENTES NACIONALES"	""	20/08/26	"NO"	"Pendiente de facturar"	6431,4	586195,14
37055	21750	28	10/08/26	28/08/26	10/08/26	"O"	10/08/26	"N"	"20790"	"DISTRIBUIDORA LIVERPOOL"	"OC: 33780392Monto: $268,419.95Vigencia: 28-ago-26"	"25767NBPCF"	"HELIOCARE 360 ACNIMAT SPF 50+ 50 ML"	"25767"	"HELIOCARE 360° ACNIMAT SPF50+"	100	"IMPORTADO"	""	""	""	""	""	""	""	6	6	396,77	2380,62	"4000100"	"VENTAS AL 16%"	""	""	0			""	""	0	0				""	10/08/26	"20790"	"DISTRIBUIDORA LIVERPOOL"	"DLI931201MI9"	"OTHER RETAILERS"	"MASS MARKET"	"NO BLOQUEADO"	"MXP"	"NA"	"LIVERPOOL"	23/11/17	"LIVERPOOL"	"LATAM"	"34500000"	"Y"	"90 DIAS"	"PROLONGACION VASCO DE QUIROGA"	"Fiscal"	23/11/17	"NORTH AMERICA"	"MEXICO"	"CIUDAD DE MÉXICO"	"CIUDAD DE MEXICO"	""	""	"VALIDADO"	"1050100"	"CLIENTES NACIONALES"	""	20/08/26	"NO"	"Pendiente de facturar"	2380,62	586195,14
37055	21750	29	10/08/26	28/08/26	10/08/26	"O"	10/08/26	"N"	"20790"	"DISTRIBUIDORA LIVERPOOL"	"OC: 33780392Monto: $268,419.95Vigencia: 28-ago-26"	"26233PC"	"ENDOCARE AGE BARRIER HYALUBOOST CONTORNO OJOS 15ML"	"26233"	"ENDOCARE AGE BARRIER HYALUBOOST CONTORNO OJOS 15ML"	100	"IMPORTADO"	""	""	""	""	""	""	""	6	6	451,24	2707,44	"4000100"	"VENTAS AL 16%"	""	""	0			""	""	0	0				""	10/08/26	"20790"	"DISTRIBUIDORA LIVERPOOL"	"DLI931201MI9"	"OTHER RETAILERS"	"MASS MARKET"	"NO BLOQUEADO"	"MXP"	"NA"	"LIVERPOOL"	23/11/17	"LIVERPOOL"	"LATAM"	"34500000"	"Y"	"90 DIAS"	"PROLONGACION VASCO DE QUIROGA"	"Fiscal"	23/11/17	"NORTH AMERICA"	"MEXICO"	"CIUDAD DE MÉXICO"	"CIUDAD DE MEXICO"	""	""	"VALIDADO"	"1050100"	"CLIENTES NACIONALES"	""	20/08/26	"NO"	"Pendiente de facturar"	2707,44	586195,14
37055	21750	30	10/08/26	28/08/26	10/08/26	"O"	10/08/26	"N"	"20790"	"DISTRIBUIDORA LIVERPOOL"	"OC: 33780392Monto: $268,419.95Vigencia: 28-ago-26"	"26162NBPC"	"BIRETIX DOUBLE CORRECTION SERUM 30ML"	"26162"	"BIRETIX DOUBLE CORRECTION SERUM 30ML"	100	"IMPORTADO"	""	""	""	""	""	""	""	2	2	552,38	1104,76	"4000100"	"VENTAS AL 16%"	""	""	0			""	""	0	0				""	10/08/26	"20790"	"DISTRIBUIDORA LIVERPOOL"	"DLI931201MI9"	"OTHER RETAILERS"	"MASS MARKET"	"NO BLOQUEADO"	"MXP"	"NA"	"LIVERPOOL"	23/11/17	"LIVERPOOL"	"LATAM"	"34500000"	"Y"	"90 DIAS"	"PROLONGACION VASCO DE QUIROGA"	"Fiscal"	23/11/17	"NORTH AMERICA"	"MEXICO"	"CIUDAD DE MÉXICO"	"CIUDAD DE MEXICO"	""	""	"VALIDADO"	"1050100"	"CLIENTES NACIONALES"	""	20/08/26	"NO"	"Pendiente de facturar"	1104,76	586195,14
37055	21750	31	10/08/26	28/08/26	10/08/26	"O"	10/08/26	"N"	"20790"	"DISTRIBUIDORA LIVERPOOL"	"OC: 33780392Monto: $268,419.95Vigencia: 28-ago-26"	"27691NBPC"	"ENDOCARE AGE BARRIER NIACINAL SERUM 30ML"	"27691"	"ENDOCARE AGE BARRIER NIACINAL SERUM 30ML"	100	"IMPORTADO"	""	""	""	""	""	""	""	1	1	658,7	658,7	"4000100"	"VENTAS AL 16%"	""	""	0			""	""	0	0				""	10/08/26	"20790"	"DISTRIBUIDORA LIVERPOOL"	"DLI931201MI9"	"OTHER RETAILERS"	"MASS MARKET"	"NO BLOQUEADO"	"MXP"	"NA"	"LIVERPOOL"	23/11/17	"LIVERPOOL"	"LATAM"	"34500000"	"Y"	"90 DIAS"	"PROLONGACION VASCO DE QUIROGA"	"Fiscal"	23/11/17	"NORTH AMERICA"	"MEXICO"	"CIUDAD DE MÉXICO"	"CIUDAD DE MEXICO"	""	""	"VALIDADO"	"1050100"	"CLIENTES NACIONALES"	""	20/08/26	"NO"	"Pendiente de facturar"	658,7	586195,14
37055	21750	32	10/08/26	28/08/26	10/08/26	"O"	10/08/26	"N"	"20790"	"DISTRIBUIDORA LIVERPOOL"	"OC: 33780392Monto: $268,419.95Vigencia: 28-ago-26"	"26237-01PCF"	"ENDOCARE AGE BARRIER HYALUBOOST GEL CREAM 50ML"	"26237"	"ENDOCARE AGE BARRIER HYALUBOOST GEL CREAM 50ML"	100	"IMPORTADO"	""	""	""	""	""	""	""	4	4	542	2168	"4000100"	"VENTAS AL 16%"	""	""	0			""	""	0	0				""	10/08/26	"20790"	"DISTRIBUIDORA LIVERPOOL"	"DLI931201MI9"	"OTHER RETAILERS"	"MASS MARKET"	"NO BLOQUEADO"	"MXP"	"NA"	"LIVERPOOL"	23/11/17	"LIVERPOOL"	"LATAM"	"34500000"	"Y"	"90 DIAS"	"PROLONGACION VASCO DE QUIROGA"	"Fiscal"	23/11/17	"NORTH AMERICA"	"MEXICO"	"CIUDAD DE MÉXICO"	"CIUDAD DE MEXICO"	""	""	"VALIDADO"	"1050100"	"CLIENTES NACIONALES"	""	20/08/26	"NO"	"Pendiente de facturar"	2168	586195,14
37055	21750	33	10/08/26	28/08/26	10/08/26	"O"	10/08/26	"N"	"20790"	"DISTRIBUIDORA LIVERPOOL"	"OC: 33780392Monto: $268,419.95Vigencia: 28-ago-26"	"30920PCF"	"HELIOCARE 360 PIGMENT COVER STICK SPF 50 BEIGE"	"30920"	"HELIOCARE 360 PIGMENT COVER STICK SPF 50 BEIGE"	100	"IMPORTADO"	""	""	""	""	""	""	""	3	3	342,48	1027,44	"4000100"	"VENTAS AL 16%"	""	""	0			""	""	0	0				""	10/08/26	"20790"	"DISTRIBUIDORA LIVERPOOL"	"DLI931201MI9"	"OTHER RETAILERS"	"MASS MARKET"	"NO BLOQUEADO"	"MXP"	"NA"	"LIVERPOOL"	23/11/17	"LIVERPOOL"	"LATAM"	"34500000"	"Y"	"90 DIAS"	"PROLONGACION VASCO DE QUIROGA"	"Fiscal"	23/11/17	"NORTH AMERICA"	"MEXICO"	"CIUDAD DE MÉXICO"	"CIUDAD DE MEXICO"	""	""	"VALIDADO"	"1050100"	"CLIENTES NACIONALES"	""	20/08/26	"NO"	"Pendiente de facturar"	1027,44	586195,14
37055	21750	34	10/08/26	28/08/26	10/08/26	"O"	10/08/26	"N"	"20790"	"DISTRIBUIDORA LIVERPOOL"	"OC: 33780392Monto: $268,419.95Vigencia: 28-ago-26"	"30919PCF"	"HELIOCARE 360 PIGMENT COVER STICK SPF 50 BRONZE"	"30919"	"HELIOCARE 360 PIGMENT COVER STICK SPF 50 BRONZE"	100	"IMPORTADO"	""	""	""	""	""	""	""	3	3	342,48	1027,44	"4000100"	"VENTAS AL 16%"	""	""	0			""	""	0	0				""	10/08/26	"20790"	"DISTRIBUIDORA LIVERPOOL"	"DLI931201MI9"	"OTHER RETAILERS"	"MASS MARKET"	"NO BLOQUEADO"	"MXP"	"NA"	"LIVERPOOL"	23/11/17	"LIVERPOOL"	"LATAM"	"34500000"	"Y"	"90 DIAS"	"PROLONGACION VASCO DE QUIROGA"	"Fiscal"	23/11/17	"NORTH AMERICA"	"MEXICO"	"CIUDAD DE MÉXICO"	"CIUDAD DE MEXICO"	""	""	"VALIDADO"	"1050100"	"CLIENTES NACIONALES"	""	20/08/26	"NO"	"Pendiente de facturar"	1027,44	586195,14
37055	21750	35	10/08/26	28/08/26	10/08/26	"O"	10/08/26	"N"	"20790"	"DISTRIBUIDORA LIVERPOOL"	"OC: 33780392Monto: $268,419.95Vigencia: 28-ago-26"	"24267MXNBPCF"	"HELIOCARE 360° MATTIFYING  BRUSH SPF50 3G"	"24267MX"	"HELIOCARE 360° MATTIFYING BRUSH SPF50 3G"	100	"IMPORTADO"	""	""	""	""	""	""	""	42	42	363,06	15248,52	"4000100"	"VENTAS AL 16%"	""	""	0			""	""	0	0				""	10/08/26	"20790"	"DISTRIBUIDORA LIVERPOOL"	"DLI931201MI9"	"OTHER RETAILERS"	"MASS MARKET"	"NO BLOQUEADO"	"MXP"	"NA"	"LIVERPOOL"	23/11/17	"LIVERPOOL"	"LATAM"	"34500000"	"Y"	"90 DIAS"	"PROLONGACION VASCO DE QUIROGA"	"Fiscal"	23/11/17	"NORTH AMERICA"	"MEXICO"	"CIUDAD DE MÉXICO"	"CIUDAD DE MEXICO"	""	""	"VALIDADO"	"1050100"	"CLIENTES NACIONALES"	""	20/08/26	"NO"	"Pendiente de facturar"	15248,52	586195,14
